CaseID,Prefix length,Groud truth,Predicted,Levenshtein,Damerau,Jaccard,Ground truth times,Predicted times,RMSE,MAE
3090,2,§,§,1.0,1.0,1.0,1800,21155.09753603585,,19355.09753603585
3092,2,§,§,1.0,1.0,1.0,8322,21585.525095582878,,13263.525095582878
3093,2,§,§,1.0,1.0,1.0,63707,21416.3771879599,,42290.6228120401
3094,2,§,§,1.0,1.0,1.0,1200770,20842.666599592514,,1179927.3334004076
3095,2,§,§,1.0,1.0,1.0,355,21059.082890198843,,20704.082890198843
3096,2,§,§,1.0,1.0,1.0,2073582,20446.246125640297,,2053135.7538743597
3098,2,§,§,1.0,1.0,1.0,1834,21250.410882309734,,19416.410882309734
3101,2,§,§,1.0,1.0,1.0,3060,20783.951581367015,,17723.951581367015
3104,2,§,§,1.0,1.0,1.0,603250,21784.420783544414,,581465.5792164556
3107,2,§,§,1.0,1.0,1.0,101552,21761.238276517124,,79790.76172348288
3109,2,§,§,1.0,1.0,1.0,9496,21619.472749011322,,12123.472749011322
3111,2,§,§,1.0,1.0,1.0,422936,21349.514019725575,,401586.48598027445
3116,2,§,§,1.0,1.0,1.0,15,21323.20736181963,,21308.20736181963
3117,2,§,§,1.0,1.0,1.0,265,21148.849234278536,,20883.849234278536
3120,2,§,§,1.0,1.0,1.0,13,21746.308916325903,,21733.308916325903
3123,2,§,§,1.0,1.0,1.0,19877,20685.676532135876,,808.6765321358762
3124,2,§,§,1.0,1.0,1.0,6364,21607.614050749027,,15243.614050749027
3125,2,§,§,1.0,1.0,1.0,191661,21365.525045344664,,170295.47495465534
3127,2,§,§,1.0,1.0,1.0,1443966,22409.492650085573,,1421556.5073499144
3129,2,§,§,1.0,1.0,1.0,1821440,21321.547223305795,,1800118.4527766942
3132,2,§,§,1.0,1.0,1.0,84,21766.23454063632,,21682.23454063632
3133,2,§,§,1.0,1.0,1.0,250346,20898.160394400962,,229447.83960559903
3134,2,§,§,1.0,1.0,1.0,256137,21554.220192485525,,234582.77980751448
3136,2,§,§,1.0,1.0,1.0,326315,21770.194703988527,,304544.8052960115
3140,2,§,§,1.0,1.0,1.0,115,21477.174313080435,,21362.174313080435
3144,2,§,§,1.0,1.0,1.0,697,22119.66970972799,,21422.66970972799
3146,2,§,§,1.0,1.0,1.0,200693,21998.154702375406,,178694.8452976246
3147,2,§,§,1.0,1.0,1.0,1672493,19723.311272888135,,1652769.6887271118
3149,2,§,§,1.0,1.0,1.0,5,21482.774804224355,,21477.774804224355
3151,2,§,§,1.0,1.0,1.0,601,13835.558714981147,,13234.558714981147
3154,2,§,§,1.0,1.0,1.0,278244,20259.282435612906,,257984.7175643871
3158,2,§,§,1.0,1.0,1.0,94025,21192.48433082469,,72832.5156691753
3160,2,§,§,1.0,1.0,1.0,100117,21514.057915527377,,78602.94208447263
3161,2,§,§,1.0,1.0,1.0,241821,20944.277774429018,,220876.722225571
3164,2,§,§,1.0,1.0,1.0,346598,18117.26395473773,,328480.73604526225
3166,2,§,§,1.0,1.0,1.0,3675,21949.162786567435,,18274.162786567435
3167,2,§,§,1.0,1.0,1.0,86,21281.814839017698,,21195.814839017698
3168,2,§,§,1.0,1.0,1.0,2569568,20534.65345418241,,2549033.346545818
3169,2,§,§,1.0,1.0,1.0,2078,21570.356025653982,,19492.356025653982
3171,2,§,§,1.0,1.0,1.0,419,22025.41425601543,,21606.41425601543
3173,2,§,§,1.0,1.0,1.0,31,21517.399984349377,,21486.399984349377
3174,2,§,§,1.0,1.0,1.0,3104,21717.97165940244,,18613.97165940244
3177,2,§,§,1.0,1.0,1.0,54,21336.16753623191,,21282.16753623191
3179,2,§,§,1.0,1.0,1.0,80292,17576.11625032245,,62715.88374967755
3180,2,§,§,1.0,1.0,1.0,5295,21022.801533704416,,15727.801533704416
3181,2,§,§,1.0,1.0,1.0,535751,19704.833812364846,,516046.16618763516
3188,2,§,§,1.0,1.0,1.0,1383795,21587.41503847333,,1362207.5849615266
3189,2,§,§,1.0,1.0,1.0,429409,20996.58798619244,,408412.41201380757
3190,2,§,§,1.0,1.0,1.0,14,22044.41273853053,,22030.41273853053
3193,2,§,§,1.0,1.0,1.0,20811,21594.550860581712,,783.5508605817122
3195,2,§,§,1.0,1.0,1.0,516141,21468.828055850394,,494672.1719441496
3198,2,§,§,1.0,1.0,1.0,1319870,22046.049104177815,,1297823.9508958221
3199,2,§,§,1.0,1.0,1.0,1095620,20739.961872894874,,1074880.0381271052
3202,2,§,§,1.0,1.0,1.0,97278,21119.16286717856,,76158.83713282144
3203,2,§,§,1.0,1.0,1.0,169978,19759.442067894437,,150218.55793210556
3204,2,§,§,1.0,1.0,1.0,248472,21431.453147494823,,227040.54685250518
3205,2,§,§,1.0,1.0,1.0,18736,21319.93463052506,,2583.9346305250583
3206,2,§,§,1.0,1.0,1.0,278692,21928.44077122771,,256763.5592287723
3207,2,§,§,1.0,1.0,1.0,28,18466.069358069464,,18438.069358069464
3208,2,§,§,1.0,1.0,1.0,95639,21491.061629288033,,74147.93837071197
3209,2,§,§,1.0,1.0,1.0,7,21468.875601583484,,21461.875601583484
3210,2,§,§,1.0,1.0,1.0,107,21836.851840712785,,21729.851840712785
3213,2,§,§,1.0,1.0,1.0,431902,16925.14384567885,,414976.85615432117
3215,2,§,§,1.0,1.0,1.0,2246817,19346.65199425272,,2227470.3480057474
3216,2,§,§,1.0,1.0,1.0,148360,21479.700180151005,,126880.299819849
3218,2,§,§,1.0,1.0,1.0,20652,21257.697265906245,,605.6972659062449
3219,2,§,§,1.0,1.0,1.0,1288794,21123.737162916554,,1267670.2628370835
3220,2,§,§,1.0,1.0,1.0,3204860,19958.644822048864,,3184901.355177951
3221,2,§,§,1.0,1.0,1.0,14023,21168.893722921683,,7145.893722921683
3225,2,§,§,1.0,1.0,1.0,1543808,21786.179975668856,,1522021.820024331
3227,2,§,§,1.0,1.0,1.0,1843,21168.7015589171,,19325.7015589171
3230,2,§,§,1.0,1.0,1.0,82670,21487.759181910278,,61182.24081808972
3232,2,§,§,1.0,1.0,1.0,1157,21290.69796681725,,20133.69796681725
3236,2,§,§,1.0,1.0,1.0,11280,21966.334720502877,,10686.334720502877
3237,2,§,§,1.0,1.0,1.0,12000,20980.911761777217,,8980.911761777217
3240,2,§,§,1.0,1.0,1.0,155119,21436.453373758442,,133682.54662624156
3241,2,§,§,1.0,1.0,1.0,188561,21581.62634546925,,166979.37365453076
3243,2,§,§,1.0,1.0,1.0,24731,21417.918462141,,3313.0815378590014
3245,2,§,§,1.0,1.0,1.0,368134,20438.385231102242,,347695.61476889777
3246,2,§,§,1.0,1.0,1.0,357834,19776.386178525474,,338057.61382147454
3247,2,§,§,1.0,1.0,1.0,36,21424.107331731946,,21388.107331731946
3255,2,§,§,1.0,1.0,1.0,533832,18145.585363083494,,515686.4146369165
3259,2,§,§,1.0,1.0,1.0,428439,21387.34259361774,,407051.65740638226
3260,2,§,§,1.0,1.0,1.0,1702,21128.899837101573,,19426.899837101573
3261,2,§,§,1.0,1.0,1.0,84980,21653.337197406854,,63326.66280259314
3263,2,§,§,1.0,1.0,1.0,617370,21489.474790446053,,595880.525209554
3265,2,§,§,1.0,1.0,1.0,331346,21035.69435166148,,310310.3056483385
3266,2,§,§,1.0,1.0,1.0,3135,21515.3436313931,,18380.3436313931
3267,2,§,§,1.0,1.0,1.0,353291,21076.851126870162,,332214.14887312986
3268,2,§,§,1.0,1.0,1.0,27,21690.797291867544,,21663.797291867544
3269,2,§,§,1.0,1.0,1.0,916,21034.838528465807,,20118.838528465807
3272,2,§,§,1.0,1.0,1.0,257338,22424.412104915733,,234913.58789508426
3277,2,§,§,1.0,1.0,1.0,83936,22109.072954464875,,61826.92704553512
3280,2,§,§,1.0,1.0,1.0,75910,20345.183707806576,,55564.81629219343
3281,2,§,§,1.0,1.0,1.0,417,21461.49412652079,,21044.49412652079
3283,2,§,§,1.0,1.0,1.0,1200700,21280.24979197005,,1179419.75020803
3284,2,§,§,1.0,1.0,1.0,3717,21020.261799128362,,17303.261799128362
3285,2,§,§,1.0,1.0,1.0,686208,20959.5419358241,,665248.4580641759
3286,2,§,§,1.0,1.0,1.0,627525,18929.771006492785,,608595.2289935072
3290,2,§,§,1.0,1.0,1.0,2029,20809.533166843292,,18780.533166843292
3293,2,§,§,1.0,1.0,1.0,1,18292.040088515598,,18291.040088515598
3297,2,§,§,1.0,1.0,1.0,21,19474.70850205002,,19453.70850205002
3298,2,§,§,1.0,1.0,1.0,72492,21343.36080943445,,51148.63919056555
3299,2,§,§,1.0,1.0,1.0,6406,21937.33974760496,,15531.339747604961
3300,2,§,§,1.0,1.0,1.0,26831,21493.769755002126,,5337.230244997874
3301,2,§,§,1.0,1.0,1.0,524960,20246.591687021482,,504713.4083129785
3305,2,§,§,1.0,1.0,1.0,1754954,18888.136792880963,,1736065.863207119
3306,2,§,§,1.0,1.0,1.0,56,21199.20610884072,,21143.20610884072
3310,2,§,§,1.0,1.0,1.0,630997,20822.182312918256,,610174.8176870818
3311,2,§,§,1.0,1.0,1.0,534497,20125.225260084815,,514371.77473991516
3312,2,§,§,1.0,1.0,1.0,8481,21847.456520264746,,13366.456520264746
3313,2,§,§,1.0,1.0,1.0,579403,19789.776245607805,,559613.2237543922
3317,2,§,§,1.0,1.0,1.0,21032,21006.109019244326,,25.89098075567381
3319,2,§,§,1.0,1.0,1.0,377353,15179.85884816542,,362173.14115183457
3320,2,§,§,1.0,1.0,1.0,78826,21195.63027349768,,57630.36972650232
3321,2,§,§,1.0,1.0,1.0,773510,20523.696143776673,,752986.3038562234
3327,2,§,§,1.0,1.0,1.0,34,20915.312517614282,,20881.312517614282
3328,2,§,§,1.0,1.0,1.0,14,21977.656548195664,,21963.656548195664
3329,2,§,§,1.0,1.0,1.0,21633,20166.930792296276,,1466.0692077037238
3330,2,§,§,1.0,1.0,1.0,44,21014.8653584223,,20970.8653584223
3332,2,§,§,1.0,1.0,1.0,1101828,20422.588161282074,,1081405.411838718
3337,2,§,§,1.0,1.0,1.0,2778305,21165.43080869474,,2757139.5691913054
3339,2,§,§,1.0,1.0,1.0,66063,21242.244902651,,44820.755097349
3340,2,§,§,1.0,1.0,1.0,2470,21214.30386016998,,18744.30386016998
3341,2,§,§,1.0,1.0,1.0,16742,19037.00248319533,,2295.0024831953306
3347,2,§,§,1.0,1.0,1.0,782,18466.211995268743,,17684.211995268743
3350,2,§,§,1.0,1.0,1.0,373,22018.151645285463,,21645.151645285463
3352,2,§,§,1.0,1.0,1.0,671691,18592.897601095196,,653098.1023989049
3353,2,§,§,1.0,1.0,1.0,591970,20801.737647688242,,571168.2623523118
3355,2,§,§,1.0,1.0,1.0,165837,21565.65890343883,,144271.34109656117
3356,2,§,§,1.0,1.0,1.0,67115,22667.444100693112,,44447.555899306884
3361,2,§,§,1.0,1.0,1.0,81984,19828.611204183773,,62155.38879581622
3363,2,§,§,1.0,1.0,1.0,2983,21792.16677589416,,18809.16677589416
3365,2,§,§,1.0,1.0,1.0,11,21181.20410564836,,21170.20410564836
3368,2,§,§,1.0,1.0,1.0,62170,20916.835962145473,,41253.16403785453
3369,2,§,§,1.0,1.0,1.0,19,21563.539156171762,,21544.539156171762
3374,2,§,§,1.0,1.0,1.0,4606,20838.553893679968,,16232.553893679968
3375,2,§,§,1.0,1.0,1.0,2174,21529.591502743322,,19355.591502743322
3377,2,§,§,1.0,1.0,1.0,31216,21511.40922197965,,9704.590778020349
3378,2,§,§,1.0,1.0,1.0,9,20118.69564607337,,20109.69564607337
3379,2,§,§,1.0,1.0,1.0,929781,19409.384626924584,,910371.6153730755
3380,2,§,§,1.0,1.0,1.0,3495,21117.001517395038,,17622.001517395038
3381,2,§,§,1.0,1.0,1.0,14649,19734.787624213473,,5085.7876242134735
3383,2,§,§,1.0,1.0,1.0,5343,20822.06741072995,,15479.06741072995
3387,2,§,§,1.0,1.0,1.0,333,21562.09297345685,,21229.09297345685
3389,2,§,§,1.0,1.0,1.0,1995,21711.07158488731,,19716.07158488731
3390,2,§,§,1.0,1.0,1.0,246272,18012.54645867248,,228259.45354132753
3392,2,§,§,1.0,1.0,1.0,5325,21501.42858017453,,16176.428580174532
3393,2,§,§,1.0,1.0,1.0,1818,21267.049907820092,,19449.049907820092
3394,2,§,§,1.0,1.0,1.0,3428,21064.65366525958,,17636.65366525958
3395,2,§,§,1.0,1.0,1.0,1040000,21216.69501433012,,1018783.3049856699
3396,2,§,§,1.0,1.0,1.0,12701,21154.90339095905,,8453.90339095905
3397,2,§,§,1.0,1.0,1.0,4194,20973.983952251117,,16779.983952251117
3399,2,§,§,1.0,1.0,1.0,78763,21457.674619295645,,57305.32538070435
3402,2,§,§,1.0,1.0,1.0,95137,21554.08151743067,,73582.91848256934
3404,2,§,§,1.0,1.0,1.0,10365,21904.02207514,,11539.022075140001
3407,2,§,§,1.0,1.0,1.0,5406,21848.67884181968,,16442.67884181968
3411,2,§,§,1.0,1.0,1.0,113980,22125.02652898981,,91854.97347101019
3412,2,§,§,1.0,1.0,1.0,84354,21830.225154162938,,62523.77484583706
3414,2,§,§,1.0,1.0,1.0,17,21070.652351918154,,21053.652351918154
3417,2,§,§,1.0,1.0,1.0,3353,21916.57612974878,,18563.57612974878
3420,2,§,§,1.0,1.0,1.0,151728,18803.669816968933,,132924.33018303107
3421,2,§,§,1.0,1.0,1.0,415,16766.92947559506,,16351.929475595061
3422,2,§,§,1.0,1.0,1.0,174512,21340.53183831541,,153171.46816168458
3425,2,§,§,1.0,1.0,1.0,288,20155.709999286315,,19867.709999286315
3426,2,§,§,1.0,1.0,1.0,965205,17457.018151068765,,947747.9818489313
3427,2,§,§,1.0,1.0,1.0,3502,21624.82164398429,,18122.82164398429
3428,2,§,§,1.0,1.0,1.0,1820327,20443.8292175414,,1799883.1707824585
3429,2,§,§,1.0,1.0,1.0,175582,21979.354327081528,,153602.64567291847
3430,2,§,§,1.0,1.0,1.0,196536,21600.62482798435,,174935.37517201566
3437,2,§,§,1.0,1.0,1.0,234521,21568.40070738053,,212952.59929261947
3438,2,§,§,1.0,1.0,1.0,693932,21983.46307084965,,671948.5369291503
3441,2,§,§,1.0,1.0,1.0,15,14871.170157130953,,14856.170157130953
3445,2,§,§,1.0,1.0,1.0,71860,21483.955523262834,,50376.04447673717
3446,2,§,§,1.0,1.0,1.0,150491,22688.41176898715,,127802.58823101285
3452,2,§,§,1.0,1.0,1.0,7,20989.456126228484,,20982.456126228484
3455,2,§,§,1.0,1.0,1.0,106,21318.74598719773,,21212.74598719773
3460,2,§,§,1.0,1.0,1.0,27,15477.744752426703,,15450.744752426703
3461,2,§,§,1.0,1.0,1.0,12202,20955.99977870867,,8753.999778708669
3463,2,§,§,1.0,1.0,1.0,2982,20836.099345209037,,17854.099345209037
3466,2,§,§,1.0,1.0,1.0,9460,21629.67923304863,,12169.679233048631
3469,2,§,§,1.0,1.0,1.0,704718,21683.924952363388,,683034.0750476366
3470,2,§,§,1.0,1.0,1.0,46,20961.54678090286,,20915.54678090286
3471,2,§,§,1.0,1.0,1.0,482,20249.890172254814,,19767.890172254814
3473,2,§,§,1.0,1.0,1.0,474,20899.30545413962,,20425.30545413962
3474,2,§,§,1.0,1.0,1.0,1778,20956.43165245093,,19178.43165245093
3477,2,§,§,1.0,1.0,1.0,1985,21317.22452373875,,19332.22452373875
3478,2,§,§,1.0,1.0,1.0,0,18214.4414899633,,18214.4414899633
3483,2,§,§,1.0,1.0,1.0,9004,21873.52544950523,,12869.525449505229
3488,2,§,§,1.0,1.0,1.0,123,20942.0847274901,,20819.0847274901
3492,2,§,§,1.0,1.0,1.0,1624,21299.806936848996,,19675.806936848996
3493,2,§,§,1.0,1.0,1.0,3153,21447.285876614813,,18294.285876614813
3494,2,§,§,1.0,1.0,1.0,10609,20493.1341427589,,9884.1341427589
3495,2,§,§,1.0,1.0,1.0,89678,21565.93823462075,,68112.06176537924
3496,2,§,§,1.0,1.0,1.0,446084,20904.02833029353,,425179.97166970646
3497,2,§,§,1.0,1.0,1.0,270413,20718.58412265291,,249694.41587734708
3499,2,§,§,1.0,1.0,1.0,92270,21741.033321024785,,70528.96667897521
3501,2,§,§,1.0,1.0,1.0,13405,21399.276572624098,,7994.276572624098
3502,2,§,§,1.0,1.0,1.0,1,17248.787650843293,,17247.787650843293
3503,2,§,§,1.0,1.0,1.0,402652,21764.221771268712,,380887.7782287313
3505,2,§,§,1.0,1.0,1.0,28,17484.267799347726,,17456.267799347726
3508,2,§,§,1.0,1.0,1.0,3215534,21495.239710583584,,3194038.7602894166
3511,2,§,§,1.0,1.0,1.0,178414,21858.85759084602,,156555.14240915398
3512,2,§,§,1.0,1.0,1.0,501136,20083.642554350514,,481052.3574456495
3513,2,§,§,1.0,1.0,1.0,1813645,20033.984998279237,,1793611.0150017207
3515,2,§,§,1.0,1.0,1.0,1212994,20962.42637696508,,1192031.5736230349
3518,2,§,§,1.0,1.0,1.0,247077,21296.849196036164,,225780.15080396383
3520,2,§,§,1.0,1.0,1.0,72325,21231.986910736174,,51093.013089263826
3521,2,§,§,1.0,1.0,1.0,24,21094.032966166666,,21070.032966166666
3522,2,§,§,1.0,1.0,1.0,14,21533.002909092746,,21519.002909092746
3524,2,§,§,1.0,1.0,1.0,23404,21167.89526252673,,2236.10473747327
3528,2,§,§,1.0,1.0,1.0,25,21571.604101147674,,21546.604101147674
3534,2,§,§,1.0,1.0,1.0,429289,21223.446508429333,,408065.55349157064
3536,2,§,§,1.0,1.0,1.0,3029,22044.25029060913,,19015.25029060913
3538,2,§,§,1.0,1.0,1.0,15287,20853.015720829106,,5566.015720829106
3544,2,§,§,1.0,1.0,1.0,1029597,20680.793189132775,,1008916.2068108672
3547,2,§,§,1.0,1.0,1.0,11998,21723.970346061014,,9725.970346061014
3548,2,§,§,1.0,1.0,1.0,148,21751.6300762879,,21603.6300762879
3550,2,§,§,1.0,1.0,1.0,4313,21399.641089911143,,17086.641089911143
3554,2,§,§,1.0,1.0,1.0,648,21308.705913226248,,20660.705913226248
3556,2,§,§,1.0,1.0,1.0,36,21298.123025468616,,21262.123025468616
3557,2,§,§,1.0,1.0,1.0,1704687,21161.10414698327,,1683525.8958530168
3558,2,§,§,1.0,1.0,1.0,329134,21028.77248535202,,308105.227514648
3559,2,§,§,1.0,1.0,1.0,530188,21448.49433066426,,508739.5056693357
3560,2,§,§,1.0,1.0,1.0,404,21981.343323582587,,21577.343323582587
3564,2,§,§,1.0,1.0,1.0,261007,20757.864822476622,,240249.13517752336
3566,2,§,§,1.0,1.0,1.0,2925933,21332.41142331756,,2904600.5885766824
3570,2,§,§,1.0,1.0,1.0,3341,20508.382455576284,,17167.382455576284
3574,2,§,§,1.0,1.0,1.0,814,21167.81205749382,,20353.81205749382
3575,2,§,§,1.0,1.0,1.0,615572,21685.042277091074,,593886.9577229089
3576,2,§,§,1.0,1.0,1.0,3252,21601.43310544693,,18349.43310544693
3577,2,§,§,1.0,1.0,1.0,15316,21145.55273011742,,5829.552730117419
3581,2,§,§,1.0,1.0,1.0,1349,21922.037945837845,,20573.037945837845
3584,2,§,§,1.0,1.0,1.0,1297594,21810.285662347036,,1275783.714337653
3585,2,§,§,1.0,1.0,1.0,1730850,21262.071473350807,,1709587.9285266493
3587,2,§,§,1.0,1.0,1.0,87476,21393.41061780374,,66082.58938219625
3588,2,§,§,1.0,1.0,1.0,891,21017.801307440794,,20126.801307440794
3589,2,§,§,1.0,1.0,1.0,2685,19491.53572942054,,16806.53572942054
3591,2,§,§,1.0,1.0,1.0,6174,21324.815992455944,,15150.815992455944
3593,2,§,§,1.0,1.0,1.0,1131121,26065.921972863136,,1105055.0780271369
3594,2,§,§,1.0,1.0,1.0,377828,14747.687945071646,,363080.31205492833
3596,2,§,§,1.0,1.0,1.0,1522,21579.340188136357,,20057.340188136357
3597,2,§,§,1.0,1.0,1.0,68323,19193.699351964562,,49129.30064803544
3598,2,§,§,1.0,1.0,1.0,165479,21333.12857145838,,144145.8714285416
3602,2,§,§,1.0,1.0,1.0,203,20064.612374680015,,19861.612374680015
3603,2,§,§,1.0,1.0,1.0,13,18832.524133739786,,18819.524133739786
3607,2,§,§,1.0,1.0,1.0,224,16513.944573023535,,16289.944573023535
3608,2,§,§,1.0,1.0,1.0,7,18053.732949964342,,18046.732949964342
3609,2,§,§,1.0,1.0,1.0,187,21104.806036856666,,20917.806036856666
3612,2,§,§,1.0,1.0,1.0,345046,21330.22630066749,,323715.7736993325
3618,2,§,§,1.0,1.0,1.0,88520,21709.231168802165,,66810.76883119784
3619,2,§,§,1.0,1.0,1.0,330442,18206.966904506633,,312235.0330954934
3623,2,§,§,1.0,1.0,1.0,1,16481.02707714544,,16480.02707714544
3626,2,§,§,1.0,1.0,1.0,776351,21366.664161866684,,754984.3358381334
3627,2,§,§,1.0,1.0,1.0,4570,21119.93350426911,,16549.93350426911
3628,2,§,§,1.0,1.0,1.0,14203,21619.960092775527,,7416.960092775527
3629,2,§,§,1.0,1.0,1.0,164889,21967.622417440816,,142921.3775825592
3631,2,§,§,1.0,1.0,1.0,66,20295.664826790155,,20229.664826790155
3632,2,§,§,1.0,1.0,1.0,512520,17981.613997151024,,494538.386002849
3633,2,§,§,1.0,1.0,1.0,3777,20885.087298872586,,17108.087298872586
3635,2,§,§,1.0,1.0,1.0,89664,21858.512884281095,,67805.4871157189
3636,2,§,§,1.0,1.0,1.0,4329,21596.749850737266,,17267.749850737266
3638,2,§,§,1.0,1.0,1.0,71971,21096.99665019613,,50874.00334980387
3639,2,§,§,1.0,1.0,1.0,10,20985.121540228167,,20975.121540228167
3640,2,§,§,1.0,1.0,1.0,71893,21522.245686980445,,50370.754313019555
3644,2,§,§,1.0,1.0,1.0,775,15476.795818837054,,14701.795818837054
3647,2,§,§,1.0,1.0,1.0,342265,21182.87613059547,,321082.12386940455
3648,2,§,§,1.0,1.0,1.0,2548,21647.42964007004,,19099.42964007004
3649,2,§,§,1.0,1.0,1.0,62383,21052.735534830917,,41330.26446516908
3651,2,§,§,1.0,1.0,1.0,9563,21454.56037377805,,11891.560373778051
3652,2,§,§,1.0,1.0,1.0,5937,21229.217371783503,,15292.217371783503
3654,2,§,§,1.0,1.0,1.0,234047,20839.306701120608,,213207.6932988794
3655,2,§,§,1.0,1.0,1.0,160274,21451.727440514587,,138822.2725594854
3657,2,§,§,1.0,1.0,1.0,1727662,21313.212852509027,,1706348.787147491
3659,2,§,§,1.0,1.0,1.0,434536,21305.70656989696,,413230.29343010305
3660,2,§,§,1.0,1.0,1.0,341799,20912.04771060856,,320886.9522893914
3661,2,§,§,1.0,1.0,1.0,519639,21677.042707498167,,497961.9572925018
3664,2,§,§,1.0,1.0,1.0,200,20138.49051961778,,19938.49051961778
3667,2,§,§,1.0,1.0,1.0,686846,21143.480528583445,,665702.5194714166
3668,2,§,§,1.0,1.0,1.0,68101,21484.868797552663,,46616.13120244734
3671,2,§,§,1.0,1.0,1.0,609,21250.04240287826,,20641.04240287826
3672,2,§,§,1.0,1.0,1.0,4963,21083.06178825544,,16120.06178825544
3675,2,§,§,1.0,1.0,1.0,241420,20788.844829731173,,220631.15517026882
3679,2,§,§,1.0,1.0,1.0,528614,21746.857673328686,,506867.14232667134
3680,2,§,§,1.0,1.0,1.0,1264,21180.08281877625,,19916.08281877625
3681,2,§,§,1.0,1.0,1.0,753604,21440.944464463526,,732163.0555355365
3682,2,§,§,1.0,1.0,1.0,26,22318.70407274438,,22292.70407274438
3683,2,§,§,1.0,1.0,1.0,8896,21536.00423349425,,12640.004233494248
3684,2,§,§,1.0,1.0,1.0,350,20991.627381373066,,20641.627381373066
3686,2,§,§,1.0,1.0,1.0,1245,21851.319611078558,,20606.319611078558
3693,2,§,§,1.0,1.0,1.0,1873,21225.370129547387,,19352.370129547387
3695,2,§,§,1.0,1.0,1.0,17,19846.088223239898,,19829.088223239898
3698,2,§,§,1.0,1.0,1.0,928705,23960.85048874569,,904744.1495112543
3699,2,§,§,1.0,1.0,1.0,711312,20354.203529588773,,690957.7964704112
3700,2,§,§,1.0,1.0,1.0,434474,21103.53418849643,,413370.4658115036
3701,2,§,§,1.0,1.0,1.0,10748,21657.917436361484,,10909.917436361484
3702,2,§,§,1.0,1.0,1.0,98339,22340.69397429992,,75998.30602570008
3706,2,§,§,1.0,1.0,1.0,3385,21731.534079767236,,18346.534079767236
3707,2,§,§,1.0,1.0,1.0,59192,21256.516546867766,,37935.483453132234
3709,2,§,§,1.0,1.0,1.0,952,21440.962294113437,,20488.962294113437
3711,2,§,§,1.0,1.0,1.0,13,22122.51849156915,,22109.51849156915
3712,2,§,§,1.0,1.0,1.0,79,21689.901847227626,,21610.901847227626
3713,2,§,§,1.0,1.0,1.0,520093,20712.290256234715,,499380.7097437653
3714,2,§,§,1.0,1.0,1.0,916,21471.587689442003,,20555.587689442003
3715,2,§,§,1.0,1.0,1.0,55416,21840.572294327314,,33575.427705672686
3716,2,§,§,1.0,1.0,1.0,9,21698.00641364778,,21689.00641364778
3719,2,§,§,1.0,1.0,1.0,2601,22020.826092771946,,19419.826092771946
3720,2,§,§,1.0,1.0,1.0,171,19845.462204420837,,19674.462204420837
3721,2,§,§,1.0,1.0,1.0,1114840,20108.566423852335,,1094731.4335761478
3723,2,§,§,1.0,1.0,1.0,1426,21780.906361439953,,20354.906361439953
3724,2,§,§,1.0,1.0,1.0,7506,20921.628175826812,,13415.628175826812
3725,2,§,§,1.0,1.0,1.0,2,18432.216796107205,,18430.216796107205
3726,2,§,§,1.0,1.0,1.0,184,20327.643294439662,,20143.643294439662
3727,2,§,§,1.0,1.0,1.0,512951,21451.20047530614,,491499.79952469387
3728,2,§,§,1.0,1.0,1.0,355,22050.262844773188,,21695.262844773188
3730,2,§,§,1.0,1.0,1.0,162875,21382.62764175268,,141492.37235824732
3731,2,§,§,1.0,1.0,1.0,5169,21863.465564811624,,16694.465564811624
3732,2,§,§,1.0,1.0,1.0,750224,21998.68562972828,,728225.3143702717
3733,2,§,§,1.0,1.0,1.0,0,18237.659656290412,,18237.659656290412
3734,2,§,§,1.0,1.0,1.0,990,20489.393878422245,,19499.393878422245
3735,2,§,§,1.0,1.0,1.0,348119,21029.148889072338,,327089.85111092764
3737,2,§,§,1.0,1.0,1.0,259502,20875.142316367288,,238626.8576836327
3738,2,§,§,1.0,1.0,1.0,2748,20998.252086850698,,18250.252086850698
3741,2,§,§,1.0,1.0,1.0,427827,21278.221174024748,,406548.77882597526
3743,2,§,§,1.0,1.0,1.0,150,21668.333914053288,,21518.333914053288
3746,2,§,§,1.0,1.0,1.0,2438433,20220.772372879743,,2418212.2276271204
3747,2,§,§,1.0,1.0,1.0,670857,21487.42041856199,,649369.579581438
3749,2,§,§,1.0,1.0,1.0,1203951,18688.46056246782,,1185262.5394375322
3750,2,§,§,1.0,1.0,1.0,7402,21526.332638954234,,14124.332638954234
3751,2,§,§,1.0,1.0,1.0,116,21505.735431163877,,21389.735431163877
3752,2,§,§,1.0,1.0,1.0,8,21884.623416038034,,21876.623416038034
3753,2,§,§,1.0,1.0,1.0,9156,21502.894573611567,,12346.894573611567
3755,2,§,§,1.0,1.0,1.0,1519,18267.391588051272,,16748.391588051272
3756,2,§,§,1.0,1.0,1.0,4,21503.912844728646,,21499.912844728646
3758,2,§,§,1.0,1.0,1.0,87504,21488.92801451548,,66015.07198548452
3762,2,§,§,1.0,1.0,1.0,55,21675.88972347066,,21620.88972347066
3763,2,§,§,1.0,1.0,1.0,237734,21130.69865067026,,216603.30134932973
3764,2,§,§,1.0,1.0,1.0,4815,21566.932732871282,,16751.932732871282
3765,2,§,§,1.0,1.0,1.0,601,22606.001146031394,,22005.001146031394
3769,2,§,§,1.0,1.0,1.0,409157,20846.543557911813,,388310.4564420882
3773,2,§,§,1.0,1.0,1.0,5726,21421.187231291147,,15695.187231291147
3777,2,§,§,1.0,1.0,1.0,318521,20532.414842582613,,297988.5851574174
3783,2,§,§,1.0,1.0,1.0,2481,21080.125839236945,,18599.125839236945
3784,2,§,§,1.0,1.0,1.0,65,14089.38359217065,,14024.38359217065
3785,2,§,§,1.0,1.0,1.0,18349,20229.219664792607,,1880.2196647926066
3786,2,§,§,1.0,1.0,1.0,600900,21472.13248430036,,579427.8675156996
3790,2,§,§,1.0,1.0,1.0,2219177,18570.392620764484,,2200606.6073792353
3791,2,§,§,1.0,1.0,1.0,548061,21398.476219450364,,526662.5237805496
3792,2,§,§,1.0,1.0,1.0,919,21618.688244415287,,20699.688244415287
3794,2,§,§,1.0,1.0,1.0,1214967,20260.952479487798,,1194706.0475205122
3796,2,§,§,1.0,1.0,1.0,1050320,19526.70966654834,,1030793.2903334517
3799,2,§,§,1.0,1.0,1.0,971373,21004.4171835751,,950368.5828164249
3801,2,§,§,1.0,1.0,1.0,78977,22033.28307484233,,56943.71692515767
3803,2,§,§,1.0,1.0,1.0,173,21335.961504721843,,21162.961504721843
3810,2,§,§,1.0,1.0,1.0,2976,20819.087878122784,,17843.087878122784
3811,2,§,§,1.0,1.0,1.0,356658,21040.54005429255,,335617.45994570747
3814,2,§,§,1.0,1.0,1.0,1499051,20487.943733562908,,1478563.056266437
3817,2,§,§,1.0,1.0,1.0,1197784,18213.296430224644,,1179570.7035697754
3821,2,§,§,1.0,1.0,1.0,474,18932.10470955877,,18458.10470955877
3823,2,§,§,1.0,1.0,1.0,403610,20797.78342755267,,382812.21657244733
3825,2,§,§,1.0,1.0,1.0,7179,20975.453907832576,,13796.453907832576
3827,2,§,§,1.0,1.0,1.0,2217,21051.03379380063,,18834.03379380063
3829,2,§,§,1.0,1.0,1.0,91478,20111.86689015788,,71366.13310984212
3830,2,§,§,1.0,1.0,1.0,1131055,21661.635908903805,,1109393.3640910962
3831,2,§,§,1.0,1.0,1.0,5056,21664.41733428975,,16608.41733428975
3834,2,§,§,1.0,1.0,1.0,1899577,19614.516730210158,,1879962.48326979
3836,2,§,§,1.0,1.0,1.0,14269,21109.03958817416,,6840.039588174161
3838,2,§,§,1.0,1.0,1.0,2531,21585.249726545382,,19054.249726545382
3839,2,§,§,1.0,1.0,1.0,2885924,30697.708426456116,,2855226.291573544
3840,2,§,§,1.0,1.0,1.0,99,21894.23557841168,,21795.23557841168
3842,2,§,§,1.0,1.0,1.0,328435,21533.662606139413,,306901.33739386057
3843,2,§,§,1.0,1.0,1.0,11,21230.576387321078,,21219.576387321078
3844,2,§,§,1.0,1.0,1.0,456,21131.277123756227,,20675.277123756227
3850,2,§,§,1.0,1.0,1.0,70598,21012.515806778618,,49585.48419322138
3851,2,§,§,1.0,1.0,1.0,156610,21251.407361632475,,135358.59263836753
3852,2,§,§,1.0,1.0,1.0,81,16173.285338628411,,16092.285338628411
3853,2,§,§,1.0,1.0,1.0,258,21153.67116404306,,20895.67116404306
3855,2,§,§,1.0,1.0,1.0,171750,21913.20632591581,,149836.79367408418
3858,2,§,§,1.0,1.0,1.0,13,21836.54279344768,,21823.54279344768
3859,2,§,§,1.0,1.0,1.0,78464,21558.851939317672,,56905.14806068233
3862,2,§,§,1.0,1.0,1.0,86077,22028.817738076006,,64048.182261924
3863,2,§,§,1.0,1.0,1.0,6,21941.06614443613,,21935.06614443613
3864,2,§,§,1.0,1.0,1.0,965201,15042.410077010027,,950158.58992299
3866,2,§,§,1.0,1.0,1.0,25,20990.93202502658,,20965.93202502658
3868,2,§,§,1.0,1.0,1.0,25242,19419.707994222415,,5822.292005777585
3871,2,§,§,1.0,1.0,1.0,109177,20370.176914835825,,88806.82308516417
3872,2,§,§,1.0,1.0,1.0,600267,21214.129525815304,,579052.8704741847
3876,2,§,§,1.0,1.0,1.0,5,21866.49264315188,,21861.49264315188
3878,2,§,§,1.0,1.0,1.0,364,21595.628563865153,,21231.628563865153
3879,2,§,§,1.0,1.0,1.0,82407,22089.86249722307,,60317.13750277693
3882,2,§,§,1.0,1.0,1.0,2423,21301.87121409412,,18878.87121409412
3885,2,§,§,1.0,1.0,1.0,24,21753.32983624598,,21729.32983624598
3889,2,§,§,1.0,1.0,1.0,176609,20034.080089745425,,156574.91991025457
3891,2,§,§,1.0,1.0,1.0,39,21167.193962963607,,21128.193962963607
3892,2,§,§,1.0,1.0,1.0,165461,21958.949283295755,,143502.05071670425
3894,2,§,§,1.0,1.0,1.0,690535,19183.272968911697,,671351.7270310883
3898,2,§,§,1.0,1.0,1.0,10894,20908.77497931399,,10014.774979313988
3900,2,§,§,1.0,1.0,1.0,384,21218.68599190339,,20834.68599190339
3902,2,§,§,1.0,1.0,1.0,986,22022.96168861671,,21036.96168861671
3906,2,§,§,1.0,1.0,1.0,2517,22116.321697689353,,19599.321697689353
3907,2,§,§,1.0,1.0,1.0,178373,21577.78306537756,,156795.21693462244
3908,2,§,§,1.0,1.0,1.0,763672,21753.559640622596,,741918.4403593774
3910,2,§,§,1.0,1.0,1.0,1657,21491.190398981827,,19834.190398981827
3914,2,§,§,1.0,1.0,1.0,45,20850.41259194226,,20805.41259194226
3915,2,§,§,1.0,1.0,1.0,22268,21011.527251744723,,1256.472748255277
3918,2,§,§,1.0,1.0,1.0,4,15512.540304761973,,15508.540304761973
3919,2,§,§,1.0,1.0,1.0,122,21069.20815027545,,20947.20815027545
3920,2,§,§,1.0,1.0,1.0,1639918,20869.79540246653,,1619048.2045975334
3921,2,§,§,1.0,1.0,1.0,430696,20977.16951636835,,409718.83048363164
3922,2,§,§,1.0,1.0,1.0,78890,21710.64961650611,,57179.35038349389
3923,2,§,§,1.0,1.0,1.0,82333,21022.36767888994,,61310.63232111006
3926,2,§,§,1.0,1.0,1.0,20357,14749.09351580621,,5607.906484193791
3927,2,§,§,1.0,1.0,1.0,42,21026.769621345473,,20984.769621345473
3929,2,§,§,1.0,1.0,1.0,40,22110.909408405594,,22070.909408405594
3931,2,§,§,1.0,1.0,1.0,1368,22118.65936289976,,20750.65936289976
3932,2,§,§,1.0,1.0,1.0,1340,21767.55987794629,,20427.55987794629
3933,2,§,§,1.0,1.0,1.0,26,16924.41084896033,,16898.41084896033
3935,2,§,§,1.0,1.0,1.0,3490,20254.111837139037,,16764.111837139037
3936,2,§,§,1.0,1.0,1.0,81,21008.086129312112,,20927.086129312112
3937,2,§,§,1.0,1.0,1.0,2409,19669.075458934443,,17260.075458934443
3938,2,§,§,1.0,1.0,1.0,423579,21279.16416439776,,402299.83583560225
3939,2,§,§,1.0,1.0,1.0,80850,19957.527497321178,,60892.47250267882
3943,2,§,§,1.0,1.0,1.0,150876,21542.999399475564,,129333.00060052444
3944,2,§,§,1.0,1.0,1.0,416182,20689.44651255571,,395492.5534874443
3945,2,§,§,1.0,1.0,1.0,235299,20827.216217409485,,214471.78378259053
3949,2,§,§,1.0,1.0,1.0,97,22696.855098755594,,22599.855098755594
3951,2,§,§,1.0,1.0,1.0,292,22128.05756947449,,21836.05756947449
3952,2,§,§,1.0,1.0,1.0,865124,17935.88292620435,,847188.1170737956
3953,2,§,§,1.0,1.0,1.0,3867,20627.052643232135,,16760.052643232135
3955,2,§,§,1.0,1.0,1.0,280083,20920.556415760006,,259162.44358423998
3956,2,§,§,1.0,1.0,1.0,11471,20851.95386612336,,9380.95386612336
3964,2,§,§,1.0,1.0,1.0,246935,21128.63833556956,,225806.36166443044
3965,2,§,§,1.0,1.0,1.0,342,21178.828800065923,,20836.828800065923
3967,2,§,§,1.0,1.0,1.0,17,21212.84182887737,,21195.84182887737
3968,2,§,§,1.0,1.0,1.0,2328,21865.125703325455,,19537.125703325455
3969,2,§,§,1.0,1.0,1.0,1540686,20874.918455207306,,1519811.0815447927
3970,2,§,§,1.0,1.0,1.0,265,21469.66010617952,,21204.66010617952
3971,2,§,§,1.0,1.0,1.0,935813,20785.710773491457,,915027.2892265086
3972,2,§,§,1.0,1.0,1.0,926452,21797.87424493754,,904654.1257550624
3973,2,§,§,1.0,1.0,1.0,58,18685.778190692487,,18627.778190692487
3977,2,§,§,1.0,1.0,1.0,1204,19808.02192068227,,18604.02192068227
3979,2,§,§,1.0,1.0,1.0,248560,20906.393730514912,,227653.60626948508
3980,2,§,§,1.0,1.0,1.0,15581,21165.478354427833,,5584.4783544278325
3982,2,§,§,1.0,1.0,1.0,410235,21253.78464828713,,388981.2153517129
3984,2,§,§,1.0,1.0,1.0,1391295,21302.552702935118,,1369992.4472970648
3985,2,§,§,1.0,1.0,1.0,9,21991.835082018453,,21982.835082018453
3986,2,§,§,1.0,1.0,1.0,2436,21726.16141192772,,19290.16141192772
3989,2,§,§,1.0,1.0,1.0,55526,21764.64968286655,,33761.350317133445
3990,2,§,§,1.0,1.0,1.0,24,20994.547481813865,,20970.547481813865
3991,2,§,§,1.0,1.0,1.0,92,20686.070765506105,,20594.070765506105
3996,2,§,§,1.0,1.0,1.0,3578,21087.705421520863,,17509.705421520863
3997,2,§,§,1.0,1.0,1.0,321,21348.96130057837,,21027.96130057837
3998,2,§,§,1.0,1.0,1.0,1637,21285.80471845309,,19648.80471845309
3999,2,§,§,1.0,1.0,1.0,247685,20921.772794098302,,226763.2272059017
4000,2,§,§,1.0,1.0,1.0,20694,21254.416610322824,,560.4166103228235
4001,2,§,§,1.0,1.0,1.0,68238,21094.429180609106,,47143.570819390894
4002,2,§,§,1.0,1.0,1.0,198322,18681.118708849364,,179640.88129115064
4011,2,§,§,1.0,1.0,1.0,2255332,19879.17411025603,,2235452.825889744
4013,2,§,§,1.0,1.0,1.0,83407,20003.609218049412,,63403.390781950584
4014,2,§,§,1.0,1.0,1.0,16,21541.335298817306,,21525.335298817306
4015,2,§,§,1.0,1.0,1.0,167307,21975.72896493318,,145331.2710350668
4016,2,§,§,1.0,1.0,1.0,1468932,20698.42275074924,,1448233.5772492508
4020,2,§,§,1.0,1.0,1.0,8226,21817.576008087974,,13591.576008087974
4021,2,§,§,1.0,1.0,1.0,37,21295.81507634139,,21258.81507634139
4023,2,§,§,1.0,1.0,1.0,340349,22174.60088002817,,318174.39911997184
4024,2,§,§,1.0,1.0,1.0,1577,21248.909229572877,,19671.909229572877
4027,2,§,§,1.0,1.0,1.0,57954,21459.572486474943,,36494.42751352506
4029,2,§,§,1.0,1.0,1.0,1753598,19940.44273056307,,1733657.557269437
4030,2,§,§,1.0,1.0,1.0,104,20920.33849781666,,20816.33849781666
4032,2,§,§,1.0,1.0,1.0,192061,18782.280180293696,,173278.7198197063
4033,2,§,§,1.0,1.0,1.0,141,19594.733743099023,,19453.733743099023
4035,2,§,§,1.0,1.0,1.0,684419,21498.716492316016,,662920.283507684
4036,2,§,§,1.0,1.0,1.0,2406288,21572.473791848835,,2384715.526208151
4037,2,§,§,1.0,1.0,1.0,14,21754.435274540392,,21740.435274540392
4039,2,§,§,1.0,1.0,1.0,277162,19526.79881479789,,257635.2011852021
4041,2,§,§,1.0,1.0,1.0,18000,21563.73132017635,,3563.73132017635
4043,2,§,§,1.0,1.0,1.0,32,19476.16657119821,,19444.16657119821
4045,2,§,§,1.0,1.0,1.0,230926,20735.597570811373,,210190.40242918863
4046,2,§,§,1.0,1.0,1.0,87018,21875.997827626066,,65142.002172373934
4048,2,§,§,1.0,1.0,1.0,965242,17641.927469212093,,947600.0725307879
4051,2,§,§,1.0,1.0,1.0,327901,21017.183212910586,,306883.8167870894
4052,2,§,§,1.0,1.0,1.0,969847,20407.619179646612,,949439.3808203534
4054,2,§,§,1.0,1.0,1.0,8381,21247.480876507874,,12866.480876507874
4055,2,§,§,1.0,1.0,1.0,84784,21130.243004061453,,63653.756995938544
4057,2,§,§,1.0,1.0,1.0,103,21503.49681956408,,21400.49681956408
4061,2,§,§,1.0,1.0,1.0,417877,21373.97431832974,,396503.0256816703
4062,2,§,§,1.0,1.0,1.0,71053,19649.86302062042,,51403.136979379575
4063,2,§,§,1.0,1.0,1.0,9443,22106.986885425416,,12663.986885425416
4066,2,§,§,1.0,1.0,1.0,19176,20296.24131880391,,1120.24131880391
4068,2,§,§,1.0,1.0,1.0,1704255,19668.386045804593,,1684586.6139541955
4070,2,§,§,1.0,1.0,1.0,118,20582.29031659723,,20464.29031659723
4071,2,§,§,1.0,1.0,1.0,601584,20679.850198759763,,580904.1498012402
4072,2,§,§,1.0,1.0,1.0,92,21753.25059335749,,21661.25059335749
4076,2,§,§,1.0,1.0,1.0,7244,21199.818260154294,,13955.818260154294
4078,2,§,§,1.0,1.0,1.0,133,21525.526342563862,,21392.526342563862
4079,2,§,§,1.0,1.0,1.0,590,21841.511322555903,,21251.511322555903
4080,2,§,§,1.0,1.0,1.0,0,17861.509513213532,,17861.509513213532
4083,2,§,§,1.0,1.0,1.0,234803,20796.246115515994,,214006.753884484
4085,2,§,§,1.0,1.0,1.0,121,21794.617362220662,,21673.617362220662
4088,2,§,§,1.0,1.0,1.0,37,21795.564314738098,,21758.564314738098
4090,2,§,§,1.0,1.0,1.0,679771,21883.916173258272,,657887.0838267417
4091,2,§,§,1.0,1.0,1.0,390,21661.235732316938,,21271.235732316938
4092,2,§,§,1.0,1.0,1.0,539,21039.816962935092,,20500.816962935092
4093,2,§,§,1.0,1.0,1.0,16922,21208.019899112845,,4286.019899112845
4094,2,§,§,1.0,1.0,1.0,1390884,20581.089786836634,,1370302.9102131634
4095,2,§,§,1.0,1.0,1.0,8704,21867.136491620848,,13163.136491620848
4096,2,§,§,1.0,1.0,1.0,177280,21345.131887992164,,155934.86811200783
4098,2,§,§,1.0,1.0,1.0,1214144,21170.417167452873,,1192973.5828325471
4099,2,§,§,1.0,1.0,1.0,9,20518.266024843004,,20509.266024843004
4104,2,§,§,1.0,1.0,1.0,369604,21206.494473509443,,348397.50552649057
4105,2,§,§,1.0,1.0,1.0,2766,16979.94228414081,,14213.942284140809
4106,2,§,§,1.0,1.0,1.0,62569,21772.066817229068,,40796.93318277093
4108,2,§,§,1.0,1.0,1.0,33114,21763.10840868545,,11350.89159131455
4109,2,§,§,1.0,1.0,1.0,85498,22141.188116097022,,63356.81188390298
4112,2,§,§,1.0,1.0,1.0,1,18794.86395098566,,18793.86395098566
4115,2,§,§,1.0,1.0,1.0,432493,21078.539000394965,,411414.460999605
4116,2,§,§,1.0,1.0,1.0,1143629,21407.706034887055,,1122221.293965113
4118,2,§,§,1.0,1.0,1.0,84,21393.036195155633,,21309.036195155633
4119,2,§,§,1.0,1.0,1.0,60666,21868.594560769037,,38797.40543923096
4120,2,§,§,1.0,1.0,1.0,151770,21246.953911299424,,130523.04608870058
4122,2,§,§,1.0,1.0,1.0,152440,19699.76226750159,,132740.2377324984
4123,2,§,§,1.0,1.0,1.0,720209,15613.236224236432,,704595.7637757636
4125,2,§,§,1.0,1.0,1.0,15539,20862.39411668171,,5323.394116681709
4129,2,§,§,1.0,1.0,1.0,243580,21514.567051085913,,222065.4329489141
4131,2,§,§,1.0,1.0,1.0,2082,21023.330479985074,,18941.330479985074
4133,2,§,§,1.0,1.0,1.0,2934,20872.810594373514,,17938.810594373514
4135,2,§,§,1.0,1.0,1.0,172458,21343.545049150183,,151114.45495084982
4136,2,§,§,1.0,1.0,1.0,490661,22368.417098837595,,468292.5829011624
4138,2,§,§,1.0,1.0,1.0,139,21054.04502356319,,20915.04502356319
4140,2,§,§,1.0,1.0,1.0,13,21513.196149115065,,21500.196149115065
4141,2,§,§,1.0,1.0,1.0,1283116,20490.55082459418,,1262625.4491754058
4144,2,§,§,1.0,1.0,1.0,346760,20130.859429456345,,326629.14057054365
4146,2,§,§,1.0,1.0,1.0,77,22189.972019322715,,22112.972019322715
4151,2,§,§,1.0,1.0,1.0,1302378,21576.59045990581,,1280801.4095400942
4158,2,§,§,1.0,1.0,1.0,3510,22216.031043202132,,18706.031043202132
4159,2,§,§,1.0,1.0,1.0,626873,20114.147104274132,,606758.8528957259
4162,2,§,§,1.0,1.0,1.0,6412,22132.907234249982,,15720.907234249982
4163,2,§,§,1.0,1.0,1.0,1234,20834.726462165974,,19600.726462165974
4167,2,§,§,1.0,1.0,1.0,60164,20994.293904570703,,39169.7060954293
4168,2,§,§,1.0,1.0,1.0,427,20906.708720996652,,20479.708720996652
4169,2,§,§,1.0,1.0,1.0,7656,21377.597699405876,,13721.597699405876
4170,2,§,§,1.0,1.0,1.0,156857,21751.107073223877,,135105.8929267761
4173,2,§,§,1.0,1.0,1.0,79666,21668.00703713827,,57997.992962861725
4174,2,§,§,1.0,1.0,1.0,350898,21879.112073143664,,329018.88792685635
4175,2,§,§,1.0,1.0,1.0,4244,21208.699406881635,,16964.699406881635
4176,2,§,§,1.0,1.0,1.0,1618353,21813.259251737567,,1596539.7407482625
4180,2,§,§,1.0,1.0,1.0,71907,21132.41029706161,,50774.58970293839
4182,2,§,§,1.0,1.0,1.0,4286,21857.37178668686,,17571.37178668686
4186,2,§,§,1.0,1.0,1.0,347159,20839.540467641647,,326319.45953235833
4188,2,§,§,1.0,1.0,1.0,857801,16831.827420194873,,840969.1725798051
4189,2,§,§,1.0,1.0,1.0,346947,20753.169681333682,,326193.8303186663
4190,2,§,§,1.0,1.0,1.0,2075,22699.874252807003,,20624.874252807003
4191,2,§,§,1.0,1.0,1.0,0,17027.92979633719,,17027.92979633719
4192,2,§,§,1.0,1.0,1.0,301,22112.30210217078,,21811.30210217078
4193,2,§,§,1.0,1.0,1.0,167114,20226.208435030047,,146887.79156496996
4196,2,§,§,1.0,1.0,1.0,1365,21375.483895355446,,20010.483895355446
4198,2,§,§,1.0,1.0,1.0,246718,21666.59057050654,,225051.40942949345
4199,2,§,§,1.0,1.0,1.0,2054,21628.991800990996,,19574.991800990996
4200,2,§,§,1.0,1.0,1.0,1643766,21608.438176789306,,1622157.5618232107
4201,2,§,§,1.0,1.0,1.0,1433,21748.622808669767,,20315.622808669767
4202,2,§,§,1.0,1.0,1.0,4474,20105.4779322735,,15631.477932273501
4203,2,§,§,1.0,1.0,1.0,52,19989.92595227967,,19937.92595227967
4204,2,§,§,1.0,1.0,1.0,0,17930.787608474544,,17930.787608474544
4205,2,§,§,1.0,1.0,1.0,7503,20875.213634966927,,13372.213634966927
4208,2,§,§,1.0,1.0,1.0,8753,21900.4363344359,,13147.4363344359
4209,2,§,§,1.0,1.0,1.0,1409,21107.11002383947,,19698.11002383947
4210,2,§,§,1.0,1.0,1.0,291,21230.19404038412,,20939.19404038412
4211,2,§,§,1.0,1.0,1.0,1040912,21235.746985794947,,1019676.253014205
4214,2,§,§,1.0,1.0,1.0,5075,21370.717435612867,,16295.717435612867
4215,2,§,§,1.0,1.0,1.0,1399,21647.31473788173,,20248.31473788173
4216,2,§,§,1.0,1.0,1.0,568,20726.29445570283,,20158.29445570283
4217,2,§,§,1.0,1.0,1.0,88,18085.60443971439,,17997.60443971439
4218,2,§,§,1.0,1.0,1.0,3627,21780.64485990794,,18153.64485990794
4220,2,§,§,1.0,1.0,1.0,121,21693.521266159336,,21572.521266159336
4224,2,§,§,1.0,1.0,1.0,16075,21938.698763142536,,5863.698763142536
4226,2,§,§,1.0,1.0,1.0,96536,21831.530680750784,,74704.46931924921
4227,2,§,§,1.0,1.0,1.0,9,20968.682603011242,,20959.682603011242
4229,2,§,§,1.0,1.0,1.0,2846665,21139.439141270534,,2825525.5608587293
4232,2,§,§,1.0,1.0,1.0,521229,21589.83590871665,,499639.16409128334
4233,2,§,§,1.0,1.0,1.0,204472,21673.983932002513,,182798.0160679975
4236,2,§,§,1.0,1.0,1.0,29,21657.291417542427,,21628.291417542427
4238,2,§,§,1.0,1.0,1.0,9426,21197.85303651978,,11771.85303651978
4239,2,§,§,1.0,1.0,1.0,14132,20909.012707979455,,6777.012707979455
4240,2,§,§,1.0,1.0,1.0,8896,21584.91690641373,,12688.916906413731
4246,2,§,§,1.0,1.0,1.0,861,22001.97222852834,,21140.97222852834
4247,2,§,§,1.0,1.0,1.0,412724,21270.70498605162,,391453.2950139484
4249,2,§,§,1.0,1.0,1.0,183705,21484.460696676946,,162220.53930332305
4252,2,§,§,1.0,1.0,1.0,1027397,19538.911090303347,,1007858.0889096967
4256,2,§,§,1.0,1.0,1.0,2750,21840.974451986393,,19090.974451986393
4258,2,§,§,1.0,1.0,1.0,8405,21601.399427219323,,13196.399427219323
4260,2,§,§,1.0,1.0,1.0,1552851,20944.160891168496,,1531906.8391088315
4262,2,§,§,1.0,1.0,1.0,1034219,21589.950810904957,,1012629.049189095
4264,2,§,§,1.0,1.0,1.0,437,21379.93338354407,,20942.93338354407
4270,2,§,§,1.0,1.0,1.0,1377678,22604.576755110815,,1355073.4232448891
4271,2,§,§,1.0,1.0,1.0,1192,22118.463236750755,,20926.463236750755
4272,2,§,§,1.0,1.0,1.0,7916,21186.612432787697,,13270.612432787697
4274,2,§,§,1.0,1.0,1.0,185278,20475.30845499343,,164802.6915450066
4276,2,§,§,1.0,1.0,1.0,67155,22021.47984660198,,45133.52015339802
4277,2,§,§,1.0,1.0,1.0,11,21069.550875768164,,21058.550875768164
4281,2,§,§,1.0,1.0,1.0,764917,22135.328104493303,,742781.6718955067
4282,2,§,§,1.0,1.0,1.0,18,21170.839135834074,,21152.839135834074
4283,2,§,§,1.0,1.0,1.0,13649,21904.794693302763,,8255.794693302763
4286,2,§,§,1.0,1.0,1.0,57925,20996.76430161933,,36928.23569838067
4290,2,§,§,1.0,1.0,1.0,1001,18613.52848711316,,17612.52848711316
4292,2,§,§,1.0,1.0,1.0,36,21835.314528676106,,21799.314528676106
4293,2,§,§,1.0,1.0,1.0,439186,21681.48030925352,,417504.5196907465
4295,2,§,§,1.0,1.0,1.0,1487485,21636.751660846225,,1465848.2483391538
4296,2,§,§,1.0,1.0,1.0,4215,21523.886014772153,,17308.886014772153
4297,2,§,§,1.0,1.0,1.0,20161,21437.95700756751,,1276.957007567511
4302,2,§,§,1.0,1.0,1.0,104,21766.12161952022,,21662.12161952022
4306,2,§,§,1.0,1.0,1.0,66,21177.20630192412,,21111.20630192412
4307,2,§,§,1.0,1.0,1.0,409477,19445.93144709545,,390031.06855290453
4308,2,§,§,1.0,1.0,1.0,2692,21246.67854226193,,18554.67854226193
4310,2,§,§,1.0,1.0,1.0,952312,22104.989964635508,,930207.0100353645
4311,2,§,§,1.0,1.0,1.0,146,21280.792605756196,,21134.792605756196
4312,2,§,§,1.0,1.0,1.0,691,21135.0688959704,,20444.0688959704
4313,2,§,§,1.0,1.0,1.0,3193,21337.621643235674,,18144.621643235674
4315,2,§,§,1.0,1.0,1.0,1310774,20425.27251412962,,1290348.7274858705
4316,2,§,§,1.0,1.0,1.0,5863,21729.37669212814,,15866.376692128139
4317,2,§,§,1.0,1.0,1.0,1,17913.91877858757,,17912.91877858757
4318,2,§,§,1.0,1.0,1.0,19342,21926.87374310785,,2584.8737431078516
4319,2,§,§,1.0,1.0,1.0,603,21230.049422112632,,20627.049422112632
4320,2,§,§,1.0,1.0,1.0,4352,19393.43105239965,,15041.43105239965
4321,2,§,§,1.0,1.0,1.0,914,20771.08847949313,,19857.08847949313
4328,2,§,§,1.0,1.0,1.0,194973,20245.81906885872,,174727.18093114128
4331,2,§,§,1.0,1.0,1.0,23,21104.203790904154,,21081.203790904154
4333,2,§,§,1.0,1.0,1.0,10328,21736.38572561494,,11408.385725614939
4334,2,§,§,1.0,1.0,1.0,1828601,20923.767733816,,1807677.232266184
4335,2,§,§,1.0,1.0,1.0,10507,21496.40854318879,,10989.40854318879
4340,2,§,§,1.0,1.0,1.0,559,20848.67321053994,,20289.67321053994
4341,2,§,§,1.0,1.0,1.0,2096039,20345.686900148477,,2075693.3130998516
4342,2,§,§,1.0,1.0,1.0,1959,15081.78784937214,,13122.78784937214
4343,2,§,§,1.0,1.0,1.0,2256,21616.544724281674,,19360.544724281674
4344,2,§,§,1.0,1.0,1.0,2214,20799.36432317801,,18585.36432317801
4345,2,§,§,1.0,1.0,1.0,679,21861.97579850804,,21182.97579850804
4346,2,§,§,1.0,1.0,1.0,310,20955.900725098058,,20645.900725098058
4347,2,§,§,1.0,1.0,1.0,114613,21094.310316276373,,93518.68968372363
4349,2,§,§,1.0,1.0,1.0,5,21510.5573609284,,21505.5573609284
4355,2,§,§,1.0,1.0,1.0,213,21196.46232382681,,20983.46232382681
4357,2,§,§,1.0,1.0,1.0,1,18427.545427830813,,18426.545427830813
4358,2,§,§,1.0,1.0,1.0,63,18652.52787468274,,18589.52787468274
4360,2,§,§,1.0,1.0,1.0,95,21244.758883288294,,21149.758883288294
4362,2,§,§,1.0,1.0,1.0,1002,20353.329876743188,,19351.329876743188
4364,2,§,§,1.0,1.0,1.0,24463,21492.373099092518,,2970.626900907482
4366,2,§,§,1.0,1.0,1.0,121,21220.011329213357,,21099.011329213357
4368,2,§,§,1.0,1.0,1.0,364,20079.34560872223,,19715.34560872223
4371,2,§,§,1.0,1.0,1.0,1,17914.380368413014,,17913.380368413014
4373,2,§,§,1.0,1.0,1.0,411194,20852.667052119756,,390341.33294788026
4374,2,§,§,1.0,1.0,1.0,91,21173.41452970995,,21082.41452970995
4376,2,§,§,1.0,1.0,1.0,323360,18766.39594329619,,304593.6040567038
4377,2,§,§,1.0,1.0,1.0,161539,21462.80559632527,,140076.19440367474
4379,2,§,§,1.0,1.0,1.0,338658,21087.414203905668,,317570.5857960943
4380,2,§,§,1.0,1.0,1.0,3033017,21969.631224663997,,3011047.368775336
4382,2,§,§,1.0,1.0,1.0,721204,20324.69347791568,,700879.3065220843
4390,2,§,§,1.0,1.0,1.0,6741,21589.17224952556,,14848.17224952556
4391,2,§,§,1.0,1.0,1.0,81,21495.57649285966,,21414.57649285966
4393,2,§,§,1.0,1.0,1.0,3437895,21773.24357412312,,3416121.756425877
4394,2,§,§,1.0,1.0,1.0,517511,21579.134156626285,,495931.8658433737
4396,2,§,§,1.0,1.0,1.0,392,21778.509264063177,,21386.509264063177
4397,2,§,§,1.0,1.0,1.0,7793,21021.394972433744,,13228.394972433744
4401,2,§,§,1.0,1.0,1.0,6272,21545.267727158545,,15273.267727158545
4403,2,§,§,1.0,1.0,1.0,1567,20489.42557557764,,18922.42557557764
4405,2,§,§,1.0,1.0,1.0,264,21891.505660903254,,21627.505660903254
4408,2,§,§,1.0,1.0,1.0,861479,21099.999955669842,,840379.0000443301
4413,2,§,§,1.0,1.0,1.0,2405675,20765.440442616116,,2384909.559557384
4418,2,§,§,1.0,1.0,1.0,1222,21983.0331781796,,20761.0331781796
4419,2,§,§,1.0,1.0,1.0,1201459,17715.0983713701,,1183743.90162863
4420,2,§,§,1.0,1.0,1.0,5944,20990.799293188364,,15046.799293188364
4422,2,§,§,1.0,1.0,1.0,575,21051.154639205575,,20476.154639205575
4425,2,§,§,1.0,1.0,1.0,1799723,22396.27889843013,,1777326.72110157
4428,2,§,§,1.0,1.0,1.0,1823230,21031.252787761707,,1802198.7472122384
4429,2,§,§,1.0,1.0,1.0,89548,20962.76910245779,,68585.2308975422
4430,2,§,§,1.0,1.0,1.0,8068,21640.61078951561,,13572.61078951561
4432,2,§,§,1.0,1.0,1.0,106,21760.3745290326,,21654.3745290326
4433,2,§,§,1.0,1.0,1.0,93406,19644.856851140165,,73761.14314885983
4435,2,§,§,1.0,1.0,1.0,26455,21525.910670573034,,4929.089329426966
4437,2,§,§,1.0,1.0,1.0,465,22038.988562813494,,21573.988562813494
4439,2,§,§,1.0,1.0,1.0,603,21457.452739207878,,20854.452739207878
4440,2,§,§,1.0,1.0,1.0,113,16878.156774949635,,16765.156774949635
4441,2,§,§,1.0,1.0,1.0,1016,19323.36250932597,,18307.36250932597
4443,2,§,§,1.0,1.0,1.0,15,21165.68240486569,,21150.68240486569
4444,2,§,§,1.0,1.0,1.0,232034,19859.694227193362,,212174.30577280663
4445,2,§,§,1.0,1.0,1.0,580,21626.620457552977,,21046.620457552977
4446,2,§,§,1.0,1.0,1.0,93422,21334.745126383543,,72087.25487361646
4447,2,§,§,1.0,1.0,1.0,1204575,20613.603143983437,,1183961.3968560165
4448,2,§,§,1.0,1.0,1.0,1299356,20201.924451852767,,1279154.0755481473
4449,2,§,§,1.0,1.0,1.0,100216,21927.36703008869,,78288.63296991131
4451,2,§,§,1.0,1.0,1.0,39,21445.6613974008,,21406.6613974008
4452,2,§,§,1.0,1.0,1.0,7667,21351.366322243994,,13684.366322243994
4455,2,§,§,1.0,1.0,1.0,1420,21277.79524349912,,19857.79524349912
4457,2,§,§,1.0,1.0,1.0,133,21587.113915497073,,21454.113915497073
4460,2,§,§,1.0,1.0,1.0,3317,21104.76641541242,,17787.76641541242
4461,2,§,§,1.0,1.0,1.0,498108,20035.68079609289,,478072.3192039071
4462,2,§,§,1.0,1.0,1.0,67313,21569.89839797296,,45743.10160202704
4466,2,§,§,1.0,1.0,1.0,932028,18311.68440057188,,913716.3155994281
4469,2,§,§,1.0,1.0,1.0,1763,21606.597760704164,,19843.597760704164
4470,2,§,§,1.0,1.0,1.0,14000,21943.393904285476,,7943.393904285476
4471,2,§,§,1.0,1.0,1.0,1311,20874.128007394636,,19563.128007394636
4473,2,§,§,1.0,1.0,1.0,80,21867.265261314642,,21787.265261314642
4474,2,§,§,1.0,1.0,1.0,11139,21757.28405638155,,10618.284056381552
4475,2,§,§,1.0,1.0,1.0,3191850,21790.772101056762,,3170059.2278989432
4476,2,§,§,1.0,1.0,1.0,11070,21228.199100666425,,10158.199100666425
4477,2,§,§,1.0,1.0,1.0,425897,21242.716397837507,,404654.2836021625
4480,2,§,§,1.0,1.0,1.0,2261912,19230.792948065995,,2242681.207051934
4483,2,§,§,1.0,1.0,1.0,2175,21027.128195415884,,18852.128195415884
4484,2,§,§,1.0,1.0,1.0,2533115,21595.41064592181,,2511519.5893540783
4486,2,§,§,1.0,1.0,1.0,18,20584.750808284796,,20566.750808284796
4488,2,§,§,1.0,1.0,1.0,77277,20382.301076774558,,56894.69892322544
4489,2,§,§,1.0,1.0,1.0,110,22036.987679879163,,21926.987679879163
4491,2,§,§,1.0,1.0,1.0,536956,21332.900748153977,,515623.099251846
4493,2,§,§,1.0,1.0,1.0,11,17873.851593095605,,17862.851593095605
4494,2,§,§,1.0,1.0,1.0,6293,20434.597421032497,,14141.597421032497
4500,2,§,§,1.0,1.0,1.0,15,21296.363833344174,,21281.363833344174
4502,2,§,§,1.0,1.0,1.0,13857,21761.929670719186,,7904.929670719186
4504,2,§,§,1.0,1.0,1.0,248677,20893.23544888141,,227783.7645511186
4505,2,§,§,1.0,1.0,1.0,6,20960.635487685242,,20954.635487685242
4508,2,§,§,1.0,1.0,1.0,1637,21371.94768145665,,19734.94768145665
4509,2,§,§,1.0,1.0,1.0,1009,21054.023231768857,,20045.023231768857
4510,2,§,§,1.0,1.0,1.0,9,21788.41462512423,,21779.41462512423
4512,2,§,§,1.0,1.0,1.0,332485,18482.59942460815,,314002.40057539183
4515,2,§,§,1.0,1.0,1.0,910,21224.264691252974,,20314.264691252974
4516,2,§,§,1.0,1.0,1.0,331,21090.181761786127,,20759.181761786127
4517,2,§,§,1.0,1.0,1.0,91664,22094.95385280845,,69569.04614719155
4520,2,§,§,1.0,1.0,1.0,76450,22159.15247891735,,54290.84752108265
4521,2,§,§,1.0,1.0,1.0,62,21489.871004888493,,21427.871004888493
4523,2,§,§,1.0,1.0,1.0,80,19869.181582017638,,19789.181582017638
4524,2,§,§,1.0,1.0,1.0,144,21756.032018743434,,21612.032018743434
4526,2,§,§,1.0,1.0,1.0,685135,22013.226699765906,,663121.7733002341
4529,2,§,§,1.0,1.0,1.0,434970,21076.845183653524,,413893.1548163465
4533,2,§,§,1.0,1.0,1.0,54,21341.480771905062,,21287.480771905062
4534,2,§,§,1.0,1.0,1.0,28348,22034.071541582787,,6313.928458417213
4540,2,§,§,1.0,1.0,1.0,173758,20383.180672836777,,153374.81932716322
4541,2,§,§,1.0,1.0,1.0,10420,19866.469494159122,,9446.469494159122
4542,2,§,§,1.0,1.0,1.0,922812,19415.129736339994,,903396.87026366
4546,2,§,§,1.0,1.0,1.0,427,21633.138185131153,,21206.138185131153
4547,2,§,§,1.0,1.0,1.0,414035,21237.811263040072,,392797.18873695994
4548,2,§,§,1.0,1.0,1.0,106327,21783.501566037947,,84543.49843396206
4549,2,§,§,1.0,1.0,1.0,9358,20763.071080250313,,11405.071080250313
4550,2,§,§,1.0,1.0,1.0,320286,20685.991522617616,,299600.00847738236
4552,2,§,§,1.0,1.0,1.0,241270,19362.30840794582,,221907.69159205418
4553,2,§,§,1.0,1.0,1.0,59,20995.692541552522,,20936.692541552522
4555,2,§,§,1.0,1.0,1.0,2128,20977.744027309895,,18849.744027309895
4556,2,§,§,1.0,1.0,1.0,57338,21706.390311249856,,35631.60968875015
4557,2,§,§,1.0,1.0,1.0,1167,20101.198816295124,,18934.198816295124
4559,2,§,§,1.0,1.0,1.0,1586,21383.206114838642,,19797.206114838642
4560,2,§,§,1.0,1.0,1.0,1714009,20927.733840384844,,1693081.2661596152
4566,2,§,§,1.0,1.0,1.0,1124617,21029.101343339244,,1103587.8986566607
4571,2,§,§,1.0,1.0,1.0,1854,21561.27082848878,,19707.27082848878
4572,2,§,§,1.0,1.0,1.0,685663,20576.9315162632,,665086.0684837368
4574,2,§,§,1.0,1.0,1.0,68702,21046.245542263718,,47655.754457736286
4576,2,§,§,1.0,1.0,1.0,4241,21651.942522569458,,17410.942522569458
4577,2,§,§,1.0,1.0,1.0,5,17325.502691188944,,17320.502691188944
4579,2,§,§,1.0,1.0,1.0,12,21845.944962166832,,21833.944962166832
4580,2,§,§,1.0,1.0,1.0,5849,21801.933461900357,,15952.933461900357
