¢#0,©#280991,§#256462
¢#0,¢#22249,©#14,ª#1186844,©#701488,§#17
¢#0,©#346014,ª#355698,§#165007
¢#0,©#73745,§#1800
¢#0,©#9492,§#511775,§#1
¢#0,©#23,§#8322
¢#0,©#81483,§#63707
¢#0,©#9254,§#1200770
¢#0,©#21842,§#355
¢#0,©#231940,§#2073582
¢#0,§#363209
¢#0,©#68,§#1834
¢#0,©#264518,ª#47,§#967470
¢#0,©#13890,ª#6931,©#3017722,§#9
¢#0,©#108308,§#3060
¢#0,©#167814,ª#3359,§#11086
¢#0,©#34,§#603250
¢#0,©#9,ª#182513,§#613389
¢#0,©#10,§#1468099,§#1
¢#0,©#8,§#101552
¢#0,§#319
¢#0,©#60929,§#9496
¢#0,©#1383578,ª#497858,§#689869
¢#0,©#12,§#422936
¢#0,©#24298,©#432095,ª#1013,©#500338,§#11
¢#0,©#56536,ª#1492131,§#2078182
¢#0,©#140,§#15
¢#0,©#85144,§#265
¢#0,¢#213,¢#0,©#167378,§#28793
¢#0,©#15069,§#13
¢#0,©#184794,ª#491887,§#6195
¢#0,©#235072,§#19877
¢#0,©#24,§#6364
¢#0,©#162610,§#191661
¢#0,©#9,§#1443966
¢#0,©#63743,§#1821440
¢#0,¢#10,©#283515,§#2751444
¢#0,©#37,ª#65713,©#91209,§#97
¢#0,©#19,§#84
¢#0,©#64228,§#250346
¢#0,©#81204,§#256137
¢#0,©#17,£#1910237,§#1808739
¢#0,©#61,§#326315
¢#0,¢#789542,¢#2,§#175181
¢#0,©#629321,ª#237438,©#1223628,§#7
¢#0,©#458,§#115
¢#0,©#270198,§#1023148,§#0
¢#0,©#335468,ª#172828,§#334
¢#0,©#2204,§#697
¢#0,©#136,§#200693
¢#0,©#513675,§#1672493
¢#0,©#1179,§#5
¤#0,¢#20,©#171383,ª#75,©#2929024,§#18
¢#0,©#3778270,§#601
¢#0,©#173,ª#116,©#1136349,§#9
¢#0,©#1141,ª#1778,©#340400,§#200621
¢#0,©#439501,§#278244
¢#0,©#65,§#16115,§#2107
©#0,ª#52,©#258660,§#1462218,§#1
¢#0,©#18,ª#335870,§#1245
¢#0,©#2456,§#94025
©#0,©#426645,©#0,§#22351
¢#0,©#7,§#100117
¢#0,©#8631,§#241821
¢#0,§#326222
¢#0,©#934,§#1175,©#93923,ª#64329,©#5602,§#75576
¢#0,©#1370929,§#346598
¢#0,§#34
¢#0,©#6091,§#3675
¢#0,©#292,§#86
¢#0,©#457382,§#2569568
¢#0,©#1043,§#2078
¢#0,©#3336,ª#946,©#1465550,§#11
¢#0,©#192,§#419
¢#0,©#5642,§#31
¢#0,©#30,§#3104
¢#0,©#96915,ª#1228681,§#80518
¢#0,©#13,§#54
¢#0,§#3180
¢#0,©#1565692,§#80292
¢#0,©#94915,§#5295
¢#0,©#520820,§#535751
¢#0,©#1475324,ª#3048,§#81337
¢#0,©#1469102,ª#336884,§#181888
¢#0,©#12,£#19012,§#6
¢#0,¢#20604,©#250148,§#5,§#13
¢#0,©#31,§#1383795
¢#0,©#12,§#429409
¢#0,©#2386,§#14
¢#0,¢#80226,©#711220,ª#12,ª#77193,§#2858811
¢#0,©#70961,§#20811
¢#0,¢#71,©#13647,©#7953,§#31
¢#0,©#41,§#516141
¤#0,¢#81,©#100819,ª#35,©#2917515,§#15
¢#0,¢#142301,©#12,§#7
¢#0,©#58464,§#1319870
¢#0,©#98447,§#1095620
¢#0,¢#534,©#10,§#155259
¢#0,©#415049,ª#93,§#599481
¢#0,©#92786,§#97278
¢#0,©#596527,§#169978
¢#0,©#91352,§#248472
¢#0,©#70007,§#18736
¢#0,©#17,§#278692
¢#0,§#29243,§#28
¢#0,©#17,§#95639
¢#0,©#79,§#7
¢#0,©#74,§#107
¢#0,©#2163812,ª#21,§#1554465
¢#0,©#1790763,§#431902
¢#0,©#585411,£#768942,§#1825533
¢#0,©#838834,§#2246817
¢#0,©#35,§#148360
¢#0,¢#2162915,©#7,§#412471
¢#0,©#11,§#20652
¢#0,©#40,§#1288794
¢#0,©#508215,§#3204860
¢#0,©#95043,§#14023
¢#0,©#518955,£#710325,§#606014
¢#0,¢#16,©#10809,§#127,§#0
¢#0,©#8,§#1543808
¢#0,©#108988,§#1843
¢#0,¢#353602,©#1901471,§#57383
¢#0,©#2127,§#82670
¢#0,©#88952,§#1157
¢#0,©#255644,ª#2408192,©#866860,§#35
¢#0,¢#25,©#2350,§#1642
¢#0,©#38,§#11280
¢#0,©#16,§#12000
¢#0,©#529676,ª#4,©#2408403,§#6
¢#0,©#79803,§#155119
¢#0,©#10,§#188561
¢#0,§#8352
¢#0,©#77547,§#24731
¤#0,¢#42,©#1037816,§#1299116
¢#0,©#252797,§#368134
¢#0,©#491592,§#357834
¢#0,©#14,§#36
¢#0,©#1115756,§#226,§#3106
¢#0,©#255264,¥#604450,¥#34,©#1464689,§#625131,§#1
¢#0,©#48,ª#1102575,ª#1125515,©#270258,§#1068
¢#0,©#439254,ª#9813,©#89071,§#8
¢#0,©#1289724,§#533832
¢#0,¢#234822,©#90,ª#87415,©#1120477,§#18
¢#0,©#173763,ª#10415,§#343947
¢#0,§#17
¢#0,©#9,§#428439
¢#0,©#63332,§#1702
¢#0,©#81615,§#84980
¢#0,©#86262,§#617370
¢#0,©#742,ª#1034026,§#1294573
¢#0,©#7561,§#331346
¢#0,©#1338,§#3135
¢#0,©#73798,§#353291
¢#0,©#326,§#27
¢#0,©#13,§#916
¢#0,©#2974,ª#704,©#265429,§#55
¢#0,©#263206,¦#1830903,§#1553796
¢#0,©#13,§#257338
¢#0,¢#1010632,©#69,ª#1963,©#1440,§#11
¢#0,©#251,§#5396,§#0
¢#0,©#34,§#83936
¢#0,©#21,ª#5711,©#196485,§#10
¢#0,©#697067,ª#268452,©#789499,§#52346
¢#0,©#269493,§#75910
¢#0,©#78267,§#417
¢#0,©#43,§#2107,§#0
¢#0,©#14760,§#1200700
¢#0,©#862,§#3717
¢#0,©#260506,§#686208
¢#0,©#1046147,§#627525
¢#0,©#27,ª#17,©#1807284,ª#5,©#599290,§#7
¢#0,©#38,ª#79961,§#1470389,§#12
¢#0,©#83964,§#2029
©#0,§#3369
¢#0,©#3681,ª#122,©#60241,§#43
¢#0,§#96650,§#1
¢#0,©#18,ª#8,©#867844,§#8
¢#0,¢#1213913,©#7,§#595790
¢#0,¢#508074,§#21
¢#0,©#79329,§#72492
¢#0,©#8,§#6406
¢#0,©#86483,§#26831
¢#0,©#344897,§#524960
¢#0,¢#4163,©#15,§#64
¢#0,©#1196947,ª#14823,§#1886286
¢#0,©#230,ª#1555421,©#768920,§#11
¢#0,©#939024,§#1754954
¢#0,©#77840,§#56
¢#0,©#439470,ª#922568,§#268815
¢#0,©#717368,ª#82533,§#608593
¢#0,©#244430,§#1292948,§#1
¢#0,©#163138,§#630997
¢#0,©#339879,§#534497
¢#0,©#16,§#8481
¢#0,©#432985,§#579403
¢#0,©#863,§#392,©#9761,§#1045
¢#0,©#1775,§#21032
¢#0,©#410,ª#12654,§#3858698
¢#0,©#2386867,§#377353
¢#0,©#10,§#78826
¢#0,©#438393,§#773510
¢#0,©#7979,ª#2128,©#2149,§#337177
¢#0,©#1060,£#1935,©#82281,ª#59,§#2330175
¢#0,©#5728,§#7577,©#7457,£#236425,§#22119
¢#0,©#8,§#34
¢#0,©#380,§#14
¢#0,©#409517,§#21633
¢#0,©#164999,§#44
¢#0,©#373159,§#1101828
¢#0,©#802980,©#405210,§#25731
¢#0,©#69972,ª#1284,§#600949
¢#0,©#64850,§#2778305
¢#0,©#12,§#66063
¢#0,©#74958,§#2470
¢#0,©#944219,§#16742
¢#0,©#93238,ª#163896,§#1482
©#0,§#433824
¢#0,¢#27332,©#10,§#60025
¢#0,¢#17,©#721,ª#436620,©#279427,§#15
¢#0,§#26362,§#782
¢#0,©#8,ª#170247,©#1716533,ª#20924,§#424109
¢#0,©#790,§#373
¢#0,©#1049584,§#671691
¢#0,©#3298,§#591970
¢#0,ª#1732,©#2592794,§#75
¢#0,©#190,§#165837
¢#0,©#24,§#67115
¢#0,¢#28,©#65034,§#89139
¢#0,©#505386,§#81984
¢#0,©#43,§#2983
¢#0,ª#63834,ª#1,§#2692
¢#0,©#88221,§#11
¢#0,¢#973780,©#5,ª#85536,ª#520217,©#319546,§#9
¢#0,©#15,§#1160,§#1
¢#0,©#91068,§#62170
¢#0,©#139696,§#19
¢#0,©#11,§#6634,©#12496,§#346151
¢#0,©#81691,ª#156853,§#359726
¢#0,©#11,§#4606
¢#0,©#11,§#2174
¢#0,©#17,§#31216
¢#0,©#545444,§#9
¢#0,©#617627,§#929781
¢#0,©#29,§#3495
¢#0,©#493545,§#14649
¢#0,©#265802,§#5343
¢#0,¢#76447,©#7,§#22543
¢#0,¢#1297816,©#17,ª#247924,©#7007,§#38
¢#0,©#280446,£#11,§#584305
¢#0,©#79640,§#333
¢#0,©#24,©#690573,ª#1564366,©#77699,§#15
¢#0,©#14,§#1995
¢#0,©#1381876,§#246272
¢#0,©#12,©#1118915,§#287336
¢#0,©#19,§#5325
¢#0,©#25,§#1818
¢#0,©#194,§#3428
¢#0,©#75220,§#1040000
¢#0,©#1231,§#12701
¢#0,©#59739,§#4194
¢#0,©#8,§#78763
¢#0,¢#19,©#327388,§#630
¢#0,©#82882,§#23302,§#0
¢#0,©#893,§#95137
¢#0,©#78,§#10365
¢#0,ª#21,©#406421,§#31,§#1
¢#0,©#78026,ª#348,§#84844
¢#0,©#9,§#5406
¢#0,©#251766,ª#95988,§#1715591
¢#0,©#10,£#414404,§#1809395
¢#0,©#1611,§#113980
¢#0,©#219,§#84354
¢#0,©#4281,ª#248907,§#240225
¢#0,©#11,§#17
¢#0,©#1546,ª#66,©#7689,§#7
¢#0,§#689574
¢#0,©#11,§#3353
¢#0,©#1041342,§#151728
¢#0,©#1811656,§#415
¢#0,©#27,§#174512
¢#0,©#16001,ª#443,ª#1273194,©#103608,§#153
¢#0,©#334923,ª#353649,§#2412539
¢#0,©#506878,§#288
¢#0,©#1652360,§#965205
¢#0,©#21509,§#3502
¢#0,©#246762,§#1820327
¢#0,©#14,§#175582
¢#0,©#541,§#196536
¢#0,¢#71,©#1194,§#17051
¢#0,©#254998,ª#244843,§#10130
¢#0,¢#859925,©#7,ª#354228,©#16764,§#12
¢#0,©#12,ª#731,©#151757,§#82
¢#0,¢#26,©#175809,§#264950
¢#0,©#265,§#234521
¢#0,©#14989,§#693932
¢#0,©#2772394,§#15
¢#0,©#27,§#71860
¢#0,©#26,§#150491
¢#0,©#71725,§#90634,§#1
¢#0,©#18,ª#21338,©#75891,§#10,©#2832425,§#21136
¤#0,¢#113,©#3719,§#121
¢#0,©#100115,§#7
¢#0,¢#14,©#38,§#189537
¢#0,©#12,§#106
¢#0,¢#15,¢#5,©#230714,§#19562
¢#0,©#10,ª#1984282,©#315406,§#4
¢#0,§#68
¤#0,¢#2921,©#230558,§#25832
¢#0,©#2330384,§#27
¢#0,©#8,§#12202
¢#0,©#16490,§#2982
¢#0,©#8,ª#95101,©#520370,§#7274
¢#0,©#64675,§#9460
¢#0,©#250707,§#108024,©#1124319,§#61085
¢#0,¢#55,©#787,§#81946
¢#0,©#56,§#704718
¢#0,©#181726,§#46
¢#0,©#276294,§#482
¢#0,©#430359,ª#185090,§#430302
¢#0,©#9947,§#474
¢#0,©#8,§#1778
¢#0,¢#158471,©#12,§#522
¢#0,©#27719,§#1985
¢#0,§#76152,§#0
¢#0,©#18742,ª#412782,©#168093,§#333
¢#0,§#1432
¤#0,¢#14,©#10,§#114
¢#0,¢#188,©#1138161,ª#4,©#2499446,§#7
¢#0,©#27,§#9004
¢#0,§#21
¢#0,©#65,§#1532,§#0
¢#0,©#240658,ª#178776,§#1737799
¢#0,§#13684
¢#0,©#15839,§#123
¢#0,©#35,ª#12,©#82353,§#8
¢#0,©#73,ª#21,©#270624,ª#7,©#257415,§#24
¢#0,§#971
¢#0,©#854,§#1624
¢#0,©#9,§#3153
¢#0,©#246013,§#10609
¢#0,©#11,§#89678
¢#0,©#85698,§#446084
¢#0,©#313812,§#270413
¢#0,©#8265,§#92270
¢#0,©#34,§#1544,©#672568,ª#4378,©#1401227,§#8
¢#0,©#15,§#13405
¢#0,§#603644,§#1
¢#0,©#891,§#402652
¢#0,¢#1061811,©#7,ª#511974,©#591558,§#14
¢#0,©#1721550,§#28
¢#0,©#203,ª#1127960,©#1391445,§#11
¢#0,©#492094,§#2359,§#1
¢#0,©#17,§#3215534
¢#0,©#64,©#426713,ª#7,©#433443,§#11
¢#0,¢#1711,©#9,ª#87213,©#1374053,§#2627
¢#0,©#21,§#178414
¢#0,©#358819,§#501136
¢#0,©#437531,§#1813645
¢#0,©#95884,£#58,§#601439
¢#0,©#77749,§#1212994
¢#0,©#6434,§#247077
¢#0,§#564
¢#0,©#10,§#72325
¢#0,©#12425,§#24
¢#0,©#739,§#14
¢#0,¢#87148,©#110555,§#2150106
¢#0,©#63,§#23404
¢#0,©#315861,ª#623162,§#678419
¢#0,©#227,ª#705719,©#1184370,§#9
¢#0,©#1621328,§#1060,©#79099,§#87015
¢#0,©#58,§#25
¢#0,©#64896,ª#536738,§#1359355
¢#0,¢#15,¢#587685,©#16479,§#2694
¢#0,©#98,§#429289
¢#0,©#9,§#3029
¢#0,©#147161,§#15287
¢#0,§#4174
¤#0,¢#55,©#6,§#53
¢#0,©#279551,§#1029597
¢#0,©#494101,ª#603421,©#2415431,§#10
¢#0,©#14106,§#11998
¢#0,©#33,§#148
¢#0,©#50,ª#214,©#72366,ª#5506,§#2076291,§#2
¢#0,©#59989,§#4313
¤#0,¢#7174,¢#73174,©#12378,ª#180,©#2153259,§#7
¢#0,©#470,§#648
¢#0,©#12,ª#258739,§#2171463
¢#0,©#16393,§#36
¤#0,©#972368,§#1704687
¢#0,©#16,§#329134
¢#0,©#79409,§#530188
¢#0,©#28248,§#404
¢#0,©#7,ª#667510,§#883413
¢#0,©#345484,§#261007
¢#0,©#172055,§#2925933
¢#0,©#1265531,ª#2338368,§#16455
¢#0,©#458249,§#3341
¢#0,¢#13,ª#482,©#450364,§#30
©#0,§#353033
¢#0,§#158
¢#0,©#72634,§#814
¢#0,©#48,§#615572
¢#0,©#473,§#3252
¢#0,©#61225,§#15316
¢#0,©#32,©#1221407,ª#3323,ª#318845,©#197681,§#13
¢#0,©#33,§#1397,©#5375,§#357490
¢#0,©#666875,§#15466,©#940380,§#83650
¢#0,©#598,§#1349
¢#0,©#14,§#1297594
¢#0,©#119,§#1730850
¢#0,©#91,ª#24193,©#1038370,§#16
¢#0,©#86464,§#87476
¢#0,©#2688,§#891
¢#0,©#661828,§#2685
¢#0,¢#431592,©#178293,¨#355082,§#781412
¢#0,©#17,§#6174
©#0,ª#325555,§#1131121
¢#0,©#2925676,§#377828
¢#0,ª#173957,©#1006,ª#29,©#412259,§#51
¢#0,©#618,§#1522
¢#0,©#1038095,§#68323
¢#0,©#33,§#165479
¢#0,©#494398,§#203
¢#0,©#1035563,§#13
¢#0,©#10,ª#77203,§#8217
¢#0,¢#14204,¢#84915,¢#0,§#239661,©#605330,§#7228
¤#0,¢#168911,¢#1,©#1648385,§#151019
¢#0,©#2009877,§#224
¢#0,©#1383122,§#7
¢#0,©#330,§#187
¢#0,¢#14,©#1981,§#8927
¤#0,¢#147580,©#2657,§#487
¢#0,©#7,§#345046
¤#0,¢#21,©#45,§#74
¢#0,©#430680,£#77406,§#68272
¢#0,§#2498
¢#0,©#12,§#88520
¢#0,©#1226677,§#330442
¢#0,§#15768
¤#0,¢#12,©#166,§#78211
¢#0,§#411
¢#0,§#869847,§#1
¢#0,¢#24,©#82302,§#518
¢#0,¢#19,©#1559254,§#947790
¢#0,©#651,§#776351
¢#0,©#40,§#4570
¢#0,©#365,§#14203
¢#0,©#67982,§#164889
¢#0,©#599154,ª#326,§#1191145
¢#0,©#534375,§#66
¢#0,©#1388250,§#512520
¢#0,©#26762,§#3777
¢#0,©#7,§#89664
¢#0,©#77,§#4329
¢#0,©#335015,ª#6868,§#168073
¢#0,©#3898,§#71971
¢#0,©#442,§#10
¢#0,©#14,§#71893
¢#0,©#657,ª#2065612,©#178946,§#1027,§#0
¢#0,©#2331190,§#775
¢#0,©#1055,©#10416,§#244407
¢#0,©#615,§#342265
¢#0,©#109,§#2548
¢#0,©#38,§#62383
¢#0,©#430308,ª#2262,§#427933
¢#0,©#2806,§#9563
¢#0,©#1121,§#5937
¢#0,©#20544,§#234047
¢#0,©#3451,§#160274
¢#0,©#70219,§#1727662
¢#0,©#318961,ª#6291,§#79629
¢#0,©#152963,§#434536
¢#0,©#10,§#341799
¢#0,©#10,§#519639
¢#0,©#331541,§#200
¢#0,©#8438,ª#336569,§#1127097
¢#0,©#5890,§#686846
¢#0,©#1673,§#68101
¢#0,©#82649,§#609
¢#0,©#16,§#4963
¢#0,©#77235,§#241420
¢#0,§#29
¢#0,©#8,§#528614
¢#0,©#185385,§#1264
¢#0,©#391,§#753604
¢#0,©#66,§#26
¢#0,©#68,§#8896
¢#0,©#28,§#350
¢#0,ª#732,©#233732,ª#6,©#4335,§#89,©#793958,ª#7,©#775467,§#52
¢#0,©#16,§#1245
¢#0,©#1870,ª#11,©#1993632,ª#164,§#602316
¢#0,©#86679,ª#1299757,§#433721
¢#0,¢#5501,©#250387,§#30,©#66990,§#22
¢#0,¢#256779,©#58,ª#897933,§#1898979
¢#0,©#2119,§#1873
¢#0,§#16079
¢#0,©#605408,§#17
¢#0,©#1375808,ª#612621,©#9788,§#6
©#0,ª#513910,§#928705
¢#0,©#416417,§#711312
¢#0,©#13909,§#434474
¢#0,©#27,§#10748
¢#0,¢#61139,§#98339
¢#0,©#1112263,§#97704,§#0
¢#0,§#9
¢#0,©#15346,§#3385
¢#0,©#1068,§#59192
¢#0,©#3886,§#952
¢#0,¢#109720,©#1017675,§#621210
¢#0,©#20,§#13
¢#0,©#77489,§#79
¢#0,©#327150,§#520093
¢#0,©#177765,§#916
¢#0,©#21,§#55416
¢#0,©#73,§#9
¢#0,©#727,ª#185,ª#1110971,©#2493289,§#23
¢#0,©#87307,§#170680,©#352754,ª#173282,§#1118606
¢#0,©#10,§#2601
¢#0,©#435926,§#171
¢#0,©#438196,§#1114840
¢#0,¢#133,©#23,§#3717566
¢#0,©#13964,§#1426
¢#0,©#70,§#7506
¢#0,§#204,§#2
¢#0,©#332465,§#184
¢#0,©#32,§#512951
¢#0,¢#21785,§#355
¢#0,§#1066
¢#0,©#4610,§#162875
¢#0,©#8,§#5169
¢#0,©#28778,§#750224
¢#0,§#25477,§#0
¢#0,©#227680,§#990
¢#0,©#8,§#348119
©#0,§#1958
¢#0,©#11,§#259502
¢#0,©#73887,§#2748
¢#0,§#1123
¢#0,©#21,©#91594,ª#192082,ª#344675,©#756767,§#109
¢#0,©#10,§#427827
¢#0,©#1286,§#150
¢#0,©#587363,ª#86904,ª#9564,©#10012,§#498032
¢#0,©#593225,§#2438433
¢#0,©#179245,§#670857
¢#0,¢#114,©#952094,§#6
¢#0,©#1036520,§#1203951
¢#0,©#1297,§#7402
¢#0,©#9608,§#116
¢#0,©#92086,§#8
¢#0,©#9414,§#9156
¢#0,§#65462
¢#0,©#1371422,§#1519
¢#0,©#64022,§#4
¢#0,¢#438179,©#673034,§#11
¢#0,©#60461,§#87504
¢#0,¢#4595,©#8,§#85284
¢#0,§#19462
©#0,§#4397
¢#0,©#13,§#55
¢#0,©#99208,§#237734
¢#0,©#103580,§#4815
¢#0,©#10,§#601
¢#0,©#99804,§#849444,§#1
¢#0,©#28,ª#622,©#774918,ª#1125600,©#261181,§#42
¢#0,©#172083,§#409157
¢#0,©#24,ª#100,©#174520,§#23
¢#0,©#240345,§#1375302,©#81235,§#27801
¢#0,©#13,§#5726
¢#0,©#15,ª#443149,§#93387
¢#0,©#437160,§#318521
¢#0,©#5710,©#1461993,ª#937766,©#278425,§#14
¢#0,©#56882,¥#633796,¥#847032,¥#6687,§#52
¢#0,¢#636268,©#11,§#71
©#0,§#9509
¢#0,¢#181052,©#401528,§#607425
¢#0,©#2258,§#2481
¢#0,©#3481555,§#65
¢#0,©#325092,§#18349
¢#0,©#15,§#600900
¢#0,¢#4121,©#8,§#5383
¢#0,©#231069,ª#952741,©#366626,§#35
¢#0,©#1038861,§#2219177
¢#0,©#57051,§#548061
¢#0,©#9852,§#919
¢#0,©#114056,ª#755416,§#618675
¢#0,©#604964,§#1214967
¢#0,¢#13103,©#17,§#64663
¢#0,©#833999,§#1050320
¢#0,©#15,ª#594894,©#2146100,§#540416
¢#0,©#233351,§#971373
¢#0,©#920071,ª#129,§#1053
¢#0,©#9,§#78977
¢#0,¢#151280,§#173
¢#0,©#81675,ª#970204,©#66116,ª#815,§#16357
¢#0,©#177288,§#517632,§#0
¢#0,©#15,ª#2672,©#1899993,§#6,§#2223
¢#0,©#239738,ª#433538,§#861333
©#0,§#51
¢#0,¢#2281,©#86641,§#11
¢#0,©#19,§#2976
¢#0,©#149445,§#356658
¢#0,©#500899,ª#113033,©#83594,§#11
¢#0,©#4586,ª#241,ª#0,©#24,§#228922
¢#0,©#229084,§#1499051
¢#0,ª#17771,©#408571,§#6
¢#0,©#14,ª#689279,§#84913
¢#0,©#1302669,§#1197784
¢#0,©#10,§#3190,§#0
¢#0,©#1035212,§#474
¢#0,©#11,§#403610
¢#0,¢#19,¢#1046,©#9,ª#4155,©#3598921,§#9
¢#0,©#82182,§#7179
¢#0,¢#12,©#305,§#143
¢#0,©#89545,§#2217
¢#0,©#23,ª#515109,©#335133,ª#191,§#13157
¢#0,©#604228,§#91478
¢#0,©#57087,§#1131055
¢#0,©#10,§#5056
¢#0,¢#310,©#3369,§#6
¢#0,©#698067,§#1899577
¢#0,¢#336364,©#104,§#504258,©#2365,ª#22795,©#943951,§#7409,©#68550,ª#7,©#168322,§#110092
¢#0,©#44,§#14269
¢#0,ª#287441,©#1043550,§#746782
¢#0,©#24,§#2531
£#0,¦#83175,§#2885924
¢#0,©#18323,§#99
¢#0,¢#612746,©#8,ª#88839,©#1217718,§#8
¢#0,©#322,§#328435
¢#0,©#20,§#11
¢#0,©#13499,§#456
¢#0,©#10,§#505687,§#1
¢#0,©#78856,ª#6041,§#1795175
¢#0,©#71540,ª#17867,§#62641
¢#0,©#23,ª#1866,©#1187806,§#8
¢#0,©#3256265,§#5,§#566
¢#0,©#77569,§#70598
¢#0,©#108445,§#156610
¢#0,©#2092098,§#81
¢#0,©#77788,§#258
¢#0,§#10535
¢#0,©#112144,§#171750
¤#0,¢#11983,©#866614,§#37
¢#0,©#13,§#13
¢#0,©#16378,§#78464
©#0,§#491
¢#0,©#2364,ª#626205,§#549
¢#0,©#9,§#86077
¢#0,©#20,§#6
¢#0,©#2662957,§#965201
¢#0,©#81935,§#25
¢#0,©#12,ª#19318,§#68858
¢#0,©#777492,§#25242
¢#0,©#154166,ª#11006,§#68998
¢#0,§#592564
¢#0,©#331796,§#109177
¢#0,©#35,§#600267
¢#0,©#45,ª#27156,©#58760,§#5568
¢#0,¢#3974,©#408310,§#1823263
¢#0,©#519145,ª#844572,§#3989
¢#0,©#4405,§#5
¢#0,©#84056,§#364
¢#0,©#4102,§#82407
¢#0,§#62
¢#0,©#61690,ª#100732,©#1199289,§#4544
¢#0,©#10638,§#2423
¤#0,¢#55,©#7,§#288
¢#0,©#11,§#24
¤#0,¢#35,¢#1489083,¢#1999253,©#9,§#13
¢#0,¢#56,©#30,§#1471529
¢#0,©#440907,§#176609
¢#0,©#2641,§#39
¢#0,©#25006,§#165461
¢#0,©#1466126,ª#904,©#24391,§#2491
¢#0,©#1039137,§#690535
¢#0,©#599299,ª#2146,§#351855
¢#0,©#66,¥#432138,£#336219,§#364290
¢#0,©#7,§#10894
¢#0,©#79502,§#384
¤#0,¢#200,©#46,§#8
¢#0,©#1745,§#986
¢#0,©#268073,ª#2406,©#146303,§#1723635
¢#0,©#8,ª#487446,§#3655
¢#0,©#17,§#2517
¢#0,©#67715,§#178373
¢#0,©#27,§#763672
¢#0,©#1890,ª#251404,§#948419
¢#0,©#1897,§#1657
¢#0,¢#25,©#282604,§#8
¢#0,©#19,§#45
¢#0,©#529,§#22268
©#0,§#3831
¢#0,¢#16421,©#170835,§#151
¢#0,©#2442623,§#4
¢#0,©#14,§#122
¢#0,©#38,§#1639918
¢#0,©#64437,§#430696
¢#0,©#331,§#78890
¢#0,©#76846,§#82333
¢#0,©#13,ª#362867,©#73624,§#136
¢#0,©#223,§#173048,§#0
¢#0,©#2846430,§#20357
¢#0,©#18263,§#42
¢#0,©#1670,§#40
¢#0,©#18,§#1368
¢#0,©#9,§#1340
¢#0,©#1873157,§#26
¢#0,§#26912
¢#0,©#275319,§#3490
¢#0,©#11,§#81
¢#0,©#683366,§#2409
¢#0,©#14221,§#423579
¢#0,©#442066,§#80850
¤#0,¢#54,©#104002,§#758448
¢#0,¢#23,©#1975,§#31
¢#0,§#275938
¢#0,©#21639,§#150876
¢#0,©#177682,§#416182
¢#0,©#17,§#235299
¢#0,¢#9752,©#5,§#274055
¢#0,©#99801,ª#253654,§#5194
¢#0,©#31,§#97
¢#0,©#352178,§#3276834,§#1
¢#0,©#19,§#292
¢#0,©#1473053,§#865124
¢#0,©#314335,§#3867
¢#0,©#687,§#250648,©#7562,§#606254
¢#0,©#160526,§#280083
¢#0,©#236558,§#11471
¢#0,©#248217,§#120,©#733,§#22017
¢#0,©#169,ª#416722,©#604982,§#10
¢#0,©#122,©#993,©#27153,ª#74118,©#1883361,§#27
¢#0,¢#252,©#3380,§#18626
¢#0,¢#18323,©#8,§#69891
¢#0,©#77548,§#246935
¢#0,©#105358,§#342
¢#0,©#24,ª#72384,©#2194,§#9
¢#0,©#81854,§#17
¢#0,©#1366,§#2328
¢#0,©#11141,§#1540686
¢#0,©#2655,§#265
¢#0,©#102536,§#935813
¢#0,©#24,§#926452
¢#0,©#1037531,§#58
¢#0,©#108,ª#409757,©#10,ª#62,©#13180,§#8
¢#0,©#429431,§#1204
¤#0,¢#14,©#85381,§#317857
¢#0,©#15085,§#248560
¢#0,©#245,§#15581
¢#0,©#521725,§#25,©#63,§#25330,©#411473,£#1143987,§#1382551
¢#0,©#29,§#410235
¢#0,©#157994,§#1391295
¢#0,©#80286,§#9
¢#0,©#16,§#2436
¢#0,¢#61090,©#4117,§#10
¢#0,¢#39,©#8523,§#209
¢#0,©#770,§#55526
¢#0,©#3959,§#24
¢#0,©#256726,§#92
¢#0,©#6955,©#41,©#2857,ª#1450307,©#1203821,§#18
¢#0,¢#16,©#4418,ª#173802,©#7764,§#90
¢#0,©#9,ª#42,§#1994
¢#0,©#13,§#3578
¢#0,©#678,§#321
¢#0,©#17752,§#1637
¢#0,©#9,§#247685
¢#0,©#616,§#20694
¢#0,©#163,§#68238
¢#0,©#1100022,§#198322
¢#0,¢#1037466,©#19,§#9481
¢#0,©#1056815,ª#86481,§#69840
¢#0,©#22009,ª#242110,§#86713
¢#0,©#2143820,ª#2292,©#107993,§#456
¢#0,©#297,§#20792,§#2
¢#0,©#522674,§#2255332
¢#0,¢#5668,©#1537758,ª#6283,©#792015,ª#17,§#1286955
¢#0,©#428968,§#83407
¢#0,©#5071,§#16
¢#0,©#7859,§#167307
¢#0,©#525128,§#1468932
¤#0,¢#17,©#500849,§#546527
¢#0,©#726,ª#11,ª#84019,©#779191,ª#10,ª#576039,©#641946,©#61127,©#411,§#456086
¢#0,©#17,§#8226
¢#0,©#1309,§#37
¢#0,ª#147664,©#524846,§#8
¢#0,©#12525,§#340349
¢#0,©#467,§#1577
¢#0,©#12,§#83572,©#12474,§#605800
¢#0,©#15,§#57954
¢#0,©#327367,ª#942169,§#880794
¢#0,©#488188,§#1753598
¢#0,©#1216,§#104
¢#0,ª#71739,§#192061
¢#0,©#780564,§#141
¢#0,©#8092,ª#184710,§#3337676
¢#0,©#49,§#684419
¢#0,©#19,§#2406288
¢#0,©#11,§#14
¢#0,©#1289414,ª#276276,©#1371542,§#12608
¢#0,©#597720,§#277162
¢#0,©#295,ª#14,©#336193,§#176
¢#0,©#2110,§#18000
¢#0,§#11
¢#0,©#690511,§#32
¢#0,©#16,©#37,¨#968264,§#766140
¢#0,©#91475,§#230926
¢#0,©#10,§#87018
¤#0,¢#31,©#177,§#7
¢#0,©#1546326,§#965242
¢#0,©#321608,ª#463,©#25968,§#39
¢#0,¢#20,©#9,§#8993
¢#0,©#10,§#327901
¢#0,©#255016,§#969847
¢#0,¢#1283,©#54447,§#784
¢#0,©#66744,§#8381
¢#0,©#9677,§#84784
¢#0,§#35
¢#0,©#10,§#103
¢#0,©#1283693,ª#698477,§#974
¢#0,¢#62215,©#7,ª#22041,©#261389,§#12
¢#0,©#45,ª#100391,§#3530897
¢#0,©#14,§#417877
¢#0,©#535658,§#71053
¢#0,©#29,§#9443
¢#0,©#56312,ª#1492080,§#2056324
¢#0,¢#5743,©#11,§#261073
¢#0,©#439640,§#19176
¢#0,©#694297,§#1704255
¢#0,©#326316,§#118
¢#0,©#281383,§#601584
¢#0,©#1682,§#92
¤#0,¢#21838,©#495115,§#57
¢#0,©#7299,§#7244
¤#0,¢#9,©#9,§#2159
¢#0,©#22636,§#133
¢#0,©#68,§#590
¢#0,§#7441,§#0
¢#0,¢#17,©#80704,§#1044
¢#0,©#78751,¥#606497,§#1972679
¢#0,©#220,§#234803
¢#0,¢#15898,§#121
¢#0,©#253101,ª#282,§#4514
¢#0,©#74020,ª#1826205,§#519067
¢#0,©#25088,§#37
¢#0,©#257786,ª#8635,§#1721861
¢#0,©#3907,§#679771
¢#0,©#61681,§#390
¢#0,©#4519,§#539
¢#0,©#63088,§#16922
¢#0,©#326924,§#1390884
¢#0,©#11251,§#8704
¢#0,©#1292,§#177280
¢#0,§#47
¢#0,©#167187,§#1214144
¢#0,©#515212,§#9
¢#0,©#263898,ª#43,©#197861,§#14
¢#0,©#1588,§#14,©#89530,ª#2415,©#428391,§#91
©#0,§#83119
¢#0,§#70111
¢#0,©#58777,§#369604
¢#0,©#1807045,§#2766
¢#0,©#38,§#62569
¢#0,©#9,§#33114
¢#0,©#25,§#85498
¢#0,§#6331
¢#0,§#387
©#0,§#1033452,§#1
¢#0,¢#1196232,©#7,§#271019
¢#0,©#12,§#1032112,§#1202770
¢#0,©#11,§#432493
¢#0,©#240908,§#1143629
¢#0,§#88535
¢#0,©#558,§#84
¢#0,©#14,§#60666
¢#0,©#8,§#151770
¢#0,©#8,ª#79605,§#2243247
¢#0,©#606380,§#152440
¢#0,©#2394760,§#720209
¢#0,©#265833,ª#860443,§#1558891
¢#0,©#91396,§#15539
¢#0,©#1297364,ª#256735,§#177367
¤#0,¢#357,©#544,ª#62,©#21440,ª#38,©#62435,§#355
¢#0,©#9,§#243580
¤#0,¢#1398,©#129,§#2451
¢#0,©#26,§#2082
¢#0,©#16,§#16263,§#0
¢#0,©#281857,§#2934
¢#0,¢#36,©#316,§#1247
¢#0,©#19,§#172458
¢#0,©#5902,§#490661
¢#0,¢#15422,©#274,§#9
¢#0,©#12,§#139
¢#0,§#338183
¢#0,©#1417,§#13
¢#0,©#338751,§#1283116
¢#0,©#84248,ª#343889,§#789673
¤#0,¢#75,©#8,§#216
¢#0,©#518658,§#346760
¢#0,©#5138,§#77
¢#0,©#87143,§#4734,©#944895,§#1407906
¢#0,ª#419171,©#191205,§#774385
¢#0,©#311,§#1302378
¢#0,¢#15,©#183936,§#443441
¢#0,©#15142,ª#9482,©#409312,§#14190
¢#0,©#436639,ª#8339,§#448846
¢#0,©#519865,ª#18,©#517131,§#12
¢#0,©#1509,§#3510
¢#0,©#492750,§#626873
¢#0,©#27,§#6412
¢#0,©#10,§#1234
¢#0,©#29,ª#4952,©#70702,§#35
¢#0,©#16141,ª#852635,§#337159
¢#0,©#1561,§#60164
¢#0,©#10,§#427
¢#0,©#82390,§#7656
¢#0,©#9,§#156857
¢#0,©#79,§#22155,©#418415,ª#9,©#32,§#4
¢#0,©#11,§#79666
¢#0,©#17801,§#350898
¢#0,©#15,§#4244
¢#0,©#28,§#1618353
¢#0,©#1206954,ª#89,©#2655949,§#12
¤#0,¢#186,©#1808908,§#181669
¢#0,¢#4262,©#574836,§#375
¢#0,©#29,§#71907
¢#0,©#489,ª#683390,©#374535,§#337
¢#0,©#21,§#4286
¢#0,©#22,ª#2502,©#14519,§#96
¢#0,©#41,§#347159
¢#0,©#1835702,§#857801
¢#0,©#113332,§#346947
¢#0,©#27,§#2075
¢#0,§#349786,§#0
¢#0,©#25,§#301
¢#0,©#359659,§#167114
¢#0,©#1793,ª#69213,©#361828,§#13
¢#0,©#96,§#1365
¢#0,©#13638,§#246718
¢#0,©#23,§#2054
¢#0,©#72956,§#1643766
¢#0,©#9,§#1433
¢#0,©#494728,§#4474
¢#0,©#694583,§#52
¢#0,§#145496,§#0
¢#0,©#72286,§#7503
¤#0,¢#593513,¢#611613,©#18,ª#3554,©#259165,§#7
¢#0,©#53686,§#8753
¢#0,©#9,§#1409
¢#0,©#1155,§#291
¢#0,©#59799,§#1040912
¢#0,¢#414209,©#25536,§#486958,§#2
¢#0,©#82994,§#5075
¢#0,¢#59608,§#1399
¢#0,©#98752,§#568
¢#0,©#1364329,§#88
¢#0,©#23,§#3627
¢#0,¢#18,©#492636,ª#541196,§#2066232
¢#0,©#12,§#121
¢#0,©#9,ª#12,§#1281338
¢#0,©#492294,ª#265821,§#624773
¢#0,¢#12,©#9,§#109639
¢#0,©#35,§#16075
¢#0,©#8379,§#514,§#0,§#906,©#1884,§#501665
¢#0,©#191,§#96536
¢#0,©#173923,§#9
¢#0,©#23991,©#1288477,ª#2219,§#1100064
¢#0,©#8318,§#2846665
¢#0,©#55041,ª#1060660,§#2056181
¢#0,§#88
¢#0,©#94043,§#521229
¢#0,©#63821,§#204472
¢#0,©#703711,§#1649647,§#1
¢#0,§#10
¢#0,©#2124,§#29
¢#0,¢#327536,©#11,ª#180300,©#599022,§#58
¢#0,©#2371,§#9426
¢#0,©#86075,§#14132
¢#0,©#1788,§#8896
ª#0,§#104197
¤#0,¢#4441,©#16,§#436
¢#0,©#150,ª#591,ª#24834,§#667534
¢#0,©#19,ª#82267,§#1815401
¢#0,©#15,§#861
¢#0,©#8,§#412724
¢#0,§#28
¢#0,©#88021,§#183705
¢#0,©#325,ª#17,©#258710,ª#423183,©#807450,§#22
¢#0,©#446943,§#609097,§#1
¢#0,©#795215,§#1027397
¢#0,©#34,ª#1268315,©#9424,§#10
¢#0,©#15,ª#600771,§#16807
¢#0,©#26,§#2750
¢#0,©#65378,§#8405
¢#0,©#5802,§#1552851
¢#0,©#47,ª#328805,§#1487768
¢#0,©#103523,§#1034219
¢#0,©#486165,ª#10417,©#2358,§#9
¢#0,©#95559,§#437
¢#0,§#25
¤#0,¢#24,©#168375,§#267247
¢#0,©#251601,§#6938,§#1
¢#0,©#9530,ª#325199,§#29865
¢#0,©#20,§#1377678
¢#0,©#20,§#1192
¢#0,©#262,§#7916
¢#0,¢#47,©#7,ª#1289364,©#1225755,§#8
¢#0,©#229506,§#185278
¢#0,©#11443,ª#328284,©#1212484,§#7
¢#0,©#23629,§#67155
¢#0,©#290,§#11
¢#0,©#13,§#318349,§#0
¢#0,¢#1258,©#229231,§#1885
¢#0,©#23,ª#5368,©#347696,ª#15,©#251507,ª#7309,©#255891,§#2119
¢#0,©#12,§#764917
¢#0,©#59003,§#18
¢#0,©#9402,§#13649
¢#0,¢#1213234,©#7,§#6,©#8870,§#9
¤#0,¢#42,©#1114422,ª#87,©#182897,§#15
¢#0,©#177,§#57925
¢#0,¢#498573,©#7,§#1827249
¢#0,©#14255,§#953,§#503101
¢#0,§#11
¢#0,©#1144824,§#1001
¢#0,§#1162
¢#0,©#8,§#36
¢#0,©#66964,§#439186
¢#0,¢#84022,©#8440,§#1774
¢#0,©#247,§#1487485
¢#0,©#17,§#4215
¢#0,©#68463,§#20161
¢#0,§#24
¢#0,©#3649,§#78238,§#1
¢#0,©#300,§#104
¢#0,©#20,§#17,©#165506,§#1660404
¢#0,©#72864,©#251683,§#612966
¢#0,©#82822,ª#26,§#327871
¢#0,©#1056,§#66
¢#0,©#634169,§#409477
¢#0,©#33,§#2692
¢#0,©#801185,ª#438277,§#56147
¢#0,©#8,§#952312
¢#0,©#7953,§#146
¢#0,©#19,§#691
¢#0,©#13,§#3193
¢#0,©#428768,ª#170178,§#87724
¢#0,©#234917,§#1310774
¢#0,©#13560,§#5863
¢#0,§#75,§#1
¢#0,©#46,§#19342
¢#0,©#79010,§#603
¢#0,©#679722,§#4352
¢#0,©#82538,§#914
¢#0,¢#1881,©#3918,§#1184
¢#0,©#319494,ª#539407,§#419754
¢#0,©#228414,ª#27433,§#3089986
¢#0,©#63734,ª#79098,©#442463,ª#2809,©#1119441,§#5
¢#0,©#315435,§#194973
¢#0,¢#336,©#2768842,§#1416,§#15,§#4
¢#0,©#1009994,ª#19200,§#1985841
¢#0,©#15727,§#23
¢#0,©#18,§#10328
¢#0,©#67702,§#1828601
¢#0,©#16,§#10507
¢#0,©#504911,ª#98245,©#2913302,§#11
¢#0,¢#319543,©#182133,§#29
¢#0,©#115,§#559
¢#0,©#331142,§#2096039
¢#0,©#2591576,§#1959
¢#0,©#10,§#2256
¢#0,©#8,§#2214
¢#0,©#11177,§#679
¢#0,©#1400,§#310
¢#0,©#253835,§#114613
¢#0,©#24,§#5
¢#0,¢#20,©#412114,§#1224622
¢#0,©#4979,§#213
¢#0,©#524485,ª#172709,©#412857,§#35
¢#0,§#119,§#1
¢#0,©#1215626,§#63
¢#0,©#10212,ª#618933,§#2402258
¢#0,©#14,§#95
¢#0,©#404107,§#1002
¢#0,¢#2973,¢#81569,©#271824,§#99
¢#0,©#1830,§#24463
¢#0,©#584330,ª#855,§#2759346
¢#0,©#83,§#121
©#0,§#11794
¢#0,©#496509,§#364
¢#0,§#31,§#1
¢#0,§#648
¢#0,©#7372,§#411194
¢#0,©#67248,§#91
¤#0,¢#340431,©#6484,§#15,©#72647,ª#77548,©#3019807,§#6
¢#0,©#1147835,§#323360
¢#0,©#10013,§#161539
¢#0,¢#15,©#1043968,ª#9,©#80691,§#10170
¢#0,©#338,§#338658
¢#0,©#187,§#3033017
¢#0,©#39,ª#1255,©#348,ª#19,©#74021,§#9,©#1291714,ª#4469,©#1577704,§#11
¢#0,©#423589,§#721204
¢#0,©#7487,§#9,©#23,ª#7,©#341935,§#27
¢#0,©#28,§#1566,§#1
¢#0,¢#40,¢#1122598,©#7,ª#496,©#429857,§#430
¢#0,§#166
¢#0,©#1506,§#6741
¢#0,©#53,§#81
¢#0,¢#29,©#8,§#232678
¢#0,©#89,§#3437895
¢#0,©#8,§#517511
¢#0,©#9,ª#3312,©#3245,ª#335830,§#364317
¢#0,©#1001,§#392
¢#0,©#9,§#7793
¢#0,©#15,©#37,§#196041
¢#0,©#9812,ª#16,ª#1,©#409895,§#64
¢#0,©#22,§#6272
¢#0,©#67244,ª#11,ª#10026,©#250301,§#39
¢#0,©#250980,§#1567
¢#0,©#2466,ª#274264,ª#423931,§#1391519
¢#0,©#113052,§#264
¢#0,©#97,©#8973,§#1122343
¢#0,©#77803,§#861479
¢#0,©#58073,ª#28149,§#1200347
¢#0,©#9149,ª#317436,©#173345,ª#208,§#1555377
¤#0,¢#20,©#1258,§#171305
¢#0,©#90454,§#2405675
¢#0,©#11,©#51,©#607143,§#423706
¢#0,©#23080,©#7231,§#69857
¢#0,©#1443,§#1222
¢#0,ª#439165,§#1201459
¢#0,©#161900,§#5944
¢#0,©#10,§#575
¢#0,©#63,§#1799723
¢#0,©#376,ª#920756,§#20728
¢#0,©#632,§#1823230
¢#0,©#96939,§#89548
¢#0,©#9771,§#8068
¢#0,©#159,§#106
©#0,ª#2410177,§#93406
¢#0,©#73,ª#600608,©#427817,§#13,©#506122,§#256674
¢#0,©#26,§#26455
¢#0,©#282749,§#241417,©#2493,§#102989
¢#0,©#24,§#465
¢#0,©#6207,§#726,©#5250,§#73984
¢#0,©#788,§#603
¢#0,©#1820115,§#113
¢#0,©#795779,§#1016
¢#0,¢#142798,¢#0,©#6,ª#9824,©#344137,ª#9,©#104594,§#15
¢#0,©#83047,§#15
¢#0,©#605805,§#232034
¢#0,©#12258,§#580
¢#0,©#52,§#93422
¢#0,©#337540,§#1204575
¢#0,©#600157,§#1299356
¢#0,©#11,§#100216
¢#0,¢#20,©#193261,§#404
¢#0,©#110226,§#39
¢#0,©#10,§#7667
¢#0,©#303,ª#327,©#15644,§#6089
¢#0,©#43,ª#1198971,ª#18894,§#1388013
¢#0,©#9,§#1420
¢#0,©#17,§#133
¢#0,©#20,©#944,§#524008
¢#0,©#15460,ª#243482,§#197184
¢#0,©#733,§#3317
¢#0,©#344735,§#498108
¢#0,©#1312,§#67313
¢#0,¢#77546,©#2355,§#83
¢#0,ª#15835,§#932028
¢#0,¢#540,¢#662653,©#698765,ª#11,©#541753,§#11
¢#0,§#1385
¢#0,©#14,§#1763
¢#0,©#3617,§#14000
¢#0,©#173665,§#1311
¢#0,©#165011,§#434537,©#242195,§#7267
¢#0,©#11493,§#80
¢#0,©#23,§#11139
¢#0,©#8,§#3191850
¢#0,©#1026,§#11070
¢#0,©#1906,§#425897
¢#0,§#61
¢#0,©#936621,§#2261912
¢#0,©#443094,ª#81067,ª#674999,§#428452
¢#0,©#37,ª#23,©#1392,§#22
¢#0,©#12,§#2175
¢#0,©#64284,§#2533115
¢#0,©#404690,§#18
¢#0,©#622346,§#77277
¢#0,©#63,§#110
¢#0,©#15357,ª#319062,©#622296,§#19
¢#0,©#74961,§#536956
¢#0,©#85358,ª#861775,§#172761
¢#0,§#55,§#11
¢#0,©#339249,§#6293
¢#0,§#6139
¤#0,¢#5544,©#5570,§#567
¢#0,¢#614469,©#583443,§#3097
¢#0,©#515906,ª#695321,§#359261
¢#0,¢#2162749,©#11,§#412477
¢#0,©#143089,§#15
¢#0,©#30,§#13857
¢#0,©#233,ª#13103,©#866902,§#8
¢#0,©#26,§#248677
¢#0,©#13,§#6
¤#0,¢#2898,©#7431,§#2848
¢#0,©#10774,§#1637
¢#0,©#5245,§#1009
¢#0,©#3844,§#9
¢#0,ª#90720,§#332485
©#0,§#2334150
¢#0,©#79925,ª#119,©#6660,§#16905
¢#0,©#9,§#910
¢#0,©#13,§#331
¢#0,©#9,§#91664
¢#0,©#186117,ª#332521,§#776116
¢#0,©#26,ª#1375621,ª#1,©#22,ª#5866,©#334463,£#18,§#9063
¢#0,©#11122,§#76450
¢#0,©#3122,§#62
¢#0,©#341605,ª#264804,§#7105
¢#0,©#515038,§#80
¢#0,©#209,§#144
¢#0,©#694402,§#211,§#0
¢#0,©#12068,§#685135
¢#0,§#87
¢#0,§#3731,ª#245172,ª#1,§#600521
¢#0,©#109,§#434970
©#0,§#16143
¢#0,©#10000,§#54
¢#0,©#2719,§#28348
¢#0,§#80582
¢#0,©#233592,©#347571,©#0,§#963550
¢#0,¢#14,©#518658,§#645
¢#0,©#243277,§#173758
¢#0,©#420995,§#10420
¢#0,©#616161,§#922812
¢#0,©#2040,©#30,©#593883,§#284925
¢#0,©#30,ª#1020739,§#878128
¢#0,¢#56041,§#427
¢#0,©#105,§#414035
¢#0,©#55238,§#106327
¢#0,©#181391,§#9358
¢#0,©#279723,§#320286
¢#0,©#17,ª#359378,§#101995
¢#0,©#968461,§#241270
¢#0,©#1952,§#59
¢#0,©#26100,ª#412906,©#20601,ª#25,§#67936
¢#0,©#55325,§#2128
¢#0,©#22,§#57338
¢#0,©#607438,§#1167
¢#0,©#118,§#1586
¢#0,©#62,§#1714009
¢#0,©#15,ª#49,©#846494,ª#9,©#680013,§#14
¢#0,©#20,©#1914169,§#169554
¢#0,¢#184,©#2844756,ª#7,©#438172,§#6
¤#0,¢#45,¢#4,©#172,§#3776
¢#0,©#1172,§#1124617
¢#0,©#517069,ª#426385,©#16509,ª#1123,§#1190604
¢#0,©#424868,§#180522,§#18
¢#0,©#49,ª#169569,©#1915448,§#9
¢#0,©#10,§#74668,§#0
¢#0,©#78,§#1854
¢#0,©#328209,§#685663
¢#0,©#29,ª#21735,©#852297,§#11
¢#0,©#22,§#68702
¢#0,©#19,§#4241
¢#0,©#1702876,§#5
¢#0,§#138
¢#0,©#12564,§#12
©#0,ª#626188,§#5849
