¢#0,©#17,§#604196
¢#0,§#17
¢#0,©#437304,§#17
¢#0,©#13,§#260654
¢#0,©#7441,§#532543
¢#0,©#58765,§#4663
¢#0,©#62,§#836
¢#0,¢#633733,©#1462948,ª#14,©#240475,§#198,©#5245,ª#8,©#12730,§#34
¢#0,©#1162,§#121
¢#0,©#9,§#22875,§#1
¢#0,©#2267,§#229
¢#0,©#781,§#948596
¢#0,©#320204,§#1141081
¢#0,©#1191,§#58954
¢#0,©#693,§#163687
¢#0,©#11104,§#15701
¢#0,©#20,ª#5296,©#1281673,§#9
¢#0,©#4626,§#73
¢#0,©#2308,§#1634
¢#0,¢#171328,©#13,§#9
¢#0,§#2782
¢#0,©#25,ª#82504,©#603682,§#45,©#837875,§#3445
¢#0,©#431571,§#8
¢#0,©#4281,§#111004
¢#0,©#13,§#8
¢#0,©#1828,§#60190
¢#0,©#345573,§#9314,§#0
¢#0,©#1280112,§#270764
¢#0,©#13,§#1930
¢#0,©#275762,§#26
¢#0,©#333847,§#710675
¢#0,©#163715,ª#1050077,§#1098264
¢#0,©#3237,§#87258
¢#0,©#2245862,§#234041
¢#0,©#623132,§#253485
¢#0,©#19,§#5828
¢#0,©#7,ª#572,§#1804077
¢#0,©#778608,§#927088
¢#0,©#16853,§#4,©#45,£#3,§#4,©#22,£#4,§#11
¢#0,©#257291,ª#4067,©#102409,ª#2425,©#1097389,§#22
¢#0,©#89356,§#248307
¢#0,©#90,§#15
¢#0,©#2281,§#9048,§#1
¢#0,©#507008,§#93921
¢#0,©#40,§#19687
¢#0,©#228330,§#30825
¢#0,©#81238,§#416124
¢#0,©#12,ª#400,§#701030,©#500251,ª#2451,§#612371
¢#0,©#87716,§#626909
¢#0,©#9,§#3921
¢#0,¢#590,©#78108,§#11
¢#0,©#19,§#88240
¢#0,©#63845,§#18829
¢#0,©#66026,§#43
¢#0,©#19,§#5394
¢#0,ª#6477,©#2960662,§#8
¢#0,©#32,§#57
¢#0,§#37,§#0
¢#0,©#691762,ª#257675,©#15634,ª#176868,§#143602
¢#0,©#1436719,§#847
¢#0,¢#284099,©#25,ª#4527,ª#1,©#20,§#20
¢#0,©#271350,§#934772
¢#0,©#60,§#11941
¢#0,©#204,§#72174
¢#0,©#76725,§#3634759
¢#0,©#13,§#3333
¢#0,©#6176,§#46
¢#0,¢#15,¢#74145,©#9,§#62
¢#0,©#1896679,§#23520
¢#0,©#261,§#8
¢#0,©#10059,§#87693
¢#0,¢#2682273,©#11,§#343253
¢#0,©#27,§#175659
¢#0,©#22,§#2292
¢#0,©#1626,§#2073889
¢#0,§#322303,§#1
¢#0,©#29,§#1072
¢#0,©#179,§#10348
¢#0,©#226935,§#558
¢#0,¢#2154056,¢#1,©#6,ª#333317,©#88330,§#14
¢#0,©#1117055,ª#1774,§#367299
¢#0,ª#836,§#630365
¢#0,©#1382,§#190
¢#0,§#4838
¢#0,©#23,§#349697
¢#0,©#260560,§#185
¢#0,©#91968,§#360
¢#0,©#8807,§#3972
¢#0,©#339751,ª#525142,§#697158
¢#0,¢#1206297,©#286,§#1663266
¢#0,©#174856,§#427694
¢#0,©#74402,§#32
¢#0,§#64263
¢#0,©#12541,§#672033
¢#0,¢#240800,©#24764,§#8
¢#0,©#10094,§#357038
¢#0,©#2448,§#12619
¢#0,¢#17,©#11,§#1467639
¢#0,©#530,§#165270
¢#0,©#81663,ª#5091,§#1750952
¢#0,©#516,§#21
¢#0,©#94,§#614651
¢#0,©#14,§#261443
¢#0,©#86753,ª#243,©#342088,§#7
¢#0,©#1710,ª#20603,©#64848,§#11
¢#0,©#17,§#87347
¤#0,¢#135,©#8,§#1061
¢#0,©#16,§#18905
©#0,§#19593
¢#0,©#81290,ª#1653473,§#1269176
¢#0,©#4028,§#1374323
¢#0,©#15,§#64234
¢#0,¢#2878,©#168911,ª#8,©#106,ª#675,©#3120,§#23
¢#0,©#8517,ª#28,ª#3201212,§#234358
¢#0,§#4118,§#1
¢#0,©#9,§#21507
¢#0,©#53,ª#97862,©#73605,ª#280260,©#2139214,§#59
¢#0,©#87584,ª#23722,§#1896667
¢#0,©#25,ª#4673,§#54465
¢#0,©#26,ª#69887,©#349216,§#8
¢#0,©#24,©#29868,ª#454,©#2567952,§#54
¢#0,©#5250,§#434735
¢#0,©#127,§#1186465
¢#0,©#246,§#68746
¢#0,©#7,§#297
¢#0,©#189717,§#1010193
¢#0,©#258,§#8303
¢#0,¢#1205731,©#3290,§#21596
¢#0,©#27372,ª#406710,§#966208
¢#0,©#1216781,§#5
¢#0,©#723,§#96
¢#0,¢#3561,©#415578,§#9
¢#0,¢#143802,©#91,§#1152
¢#0,©#4642,§#5033
¢#0,©#52,§#1702
¢#0,©#2197,§#72437
¢#0,©#698182,§#6087
¤#0,¢#44,©#346268,§#82346,©#99765,ª#71021,©#1232833,§#509
¢#0,§#171
¢#0,©#17,ª#21901,ª#1615889,ª#0,§#1386197
¢#0,§#19059
¢#0,©#17,§#202478,§#1
¢#0,©#1186186,ª#92,©#516355,§#8
¢#0,©#9,§#149
¢#0,©#172229,§#409057
¢#0,ª#592373,©#1566354,ª#8,©#419141,§#14
¢#0,§#24
¢#0,©#355404,ª#10403,§#68521
¢#0,©#35,§#166522
¤#0,¢#18621,©#65082,§#9,©#446775,§#4729
¢#0,©#354365,§#2032,©#1545241,§#258207
¢#0,©#12,§#2353
¢#0,©#17,§#1679
¢#0,©#1364908,§#3500
¢#0,©#768247,ª#9185,©#86692,§#6
¢#0,©#811457,§#151
¢#0,©#438957,ª#271363,§#603920
¢#0,§#259708
¢#0,©#5164,§#689078
¢#0,¢#928,©#4316,§#319
¢#0,©#85921,§#5475
¢#0,©#228604,§#268879
¢#0,§#23,§#0
¢#0,©#596,§#15030,©#586847,§#107148
©#0,§#571
¢#0,©#10220,§#9536
¢#0,©#20,§#505207
¢#0,©#694,§#36
¢#0,©#160,ª#702963,§#10156
¢#0,©#3731,§#82485
¢#0,©#154882,ª#263462,©#104128,©#574,§#78483
¢#0,©#55759,§#29252
¢#0,¢#283,©#10,ª#18720,§#582431,©#530847,§#1201600
¢#0,©#448543,§#1311
¢#0,©#472,§#18,©#8153,£#13793,§#1812512
¢#0,©#1912,§#630,©#14992,©#1899595,§#68151
¤#0,¢#5601,©#104,§#9
¢#0,©#9,§#200639
¢#0,©#1311,§#63
¢#0,©#3080008,§#22
¢#0,©#1472079,§#947
¢#0,©#369740,§#6
¢#0,©#1722,§#275857
¢#0,©#2093,§#12077
¤#0,¢#281,©#21,£#12,§#3030758
¢#0,©#10,§#93231
¤#0,¢#2063,¢#960,©#518904,§#178
¢#0,¢#61696,©#5636,§#55
¢#0,§#54
¢#0,¢#1122991,©#1210671,§#509
¢#0,©#431746,ª#1452511,§#1554983
¢#0,©#332926,ª#872829,§#896
¢#0,©#16,§#974
¢#0,©#1872938,§#14
¢#0,©#80530,§#5099,§#1
©#0,§#91325
¢#0,©#9599,§#2153028
¢#0,©#492791,ª#858220,ª#0,§#630323,§#3
¢#0,¢#3622853,©#9,§#5
¢#0,©#240677,§#7277
¢#0,©#962388,§#1220132
¢#0,§#16828
¢#0,©#2660,§#2982
¢#0,©#11383,ª#421297,©#47,§#1905027
¢#0,©#69689,§#110219
¢#0,©#785,£#8,§#3471593
¢#0,©#16,§#60
¢#0,©#55092,§#374966
¢#0,©#178,§#285103
¢#0,¢#604179,©#257967,ª#1298,§#1181723
¢#0,©#55918,§#459305
¢#0,©#3749,§#50
¢#0,©#3665,ª#4211,©#11377,§#4
¢#0,©#35,§#50
¢#0,©#59514,§#10279
¢#0,©#1911690,§#1127
¢#0,©#618110,ª#89346,§#606805
¢#0,©#73,§#90949
¢#0,©#1901716,ª#264630,§#262791
¢#0,©#83183,§#86584
¢#0,¢#17,©#2770,ª#843,©#12531,§#27,©#253925,©#8799,©#1112,§#259168
¢#0,©#26860,§#152584
¢#0,©#3614,§#82891
¢#0,©#27,§#768939
¢#0,ª#545,©#383,ª#9,©#86287,§#16,©#2887,ª#53,©#585278,§#6,©#20500,ª#65608,©#1030084,§#9
¢#0,©#166734,ª#14756,©#264146,§#842349
¢#0,©#20,§#15176
¢#0,§#59506,§#0
¢#0,©#71078,ª#624362,§#1269102
¢#0,©#14,§#1485478
¢#0,©#3778,§#13495
¢#0,©#21318,§#496928,©#15473,§#4628
¢#0,©#151,ª#76980,©#168085,§#15
¢#0,©#63950,§#7023
¢#0,©#41,§#690704
¢#0,©#268146,§#449800
¢#0,©#195772,§#254299
¢#0,©#63615,§#497
¢#0,©#10,§#27125
¢#0,¢#501126,©#559,ª#885329,§#519133
¢#0,¢#98,©#10,§#312
¢#0,©#63,§#1360635
¢#0,©#9702,§#1130866
¢#0,©#1200627,ª#90894,§#173789
¢#0,©#17,©#32,©#74039,§#939
¢#0,©#31,ª#73919,©#179262,§#12
¢#0,©#54196,§#2793496
¢#0,©#15680,ª#509381,©#1033265,§#88178
¢#0,ª#316827,©#1216702,§#96
¢#0,©#11856,§#14,§#1
¢#0,©#14,§#19247
¢#0,©#1323541,§#499078
¢#0,©#343695,ª#1206281,§#180362
¤#0,¢#28,©#82065,§#344100
¢#0,©#542,ª#1301981,§#342892
¢#0,©#11,§#687725
¢#0,©#14,§#54
¢#0,¢#1344,©#528810,§#575091
¢#0,©#13,§#372
¢#0,©#320,§#10
¢#0,©#239931,§#174113
¢#0,©#747,ª#82033,©#589301,§#19017
¢#0,©#6083,§#27,©#163854,§#2171767
¢#0,©#10,©#39,©#63466,§#278920,©#586494,§#66,©#607547,©#1010,§#17550
¢#0,©#4310,§#2541
¢#0,©#907,§#254164
¢#0,©#11,§#339836
¢#0,©#259536,§#1283,§#1
¢#0,©#259958,ª#816,§#265073
¢#0,©#79489,§#873914,§#0
¢#0,©#520678,©#430431,§#6226
¢#0,©#12,§#16686
¢#0,©#405197,§#51
¢#0,©#242200,§#604159
¢#0,©#457586,§#54
¢#0,©#941,§#39
¢#0,©#59315,ª#1294754,§#10889
¢#0,©#29,§#85253
¢#0,©#54366,§#1471159
©#0,§#915
¢#0,©#862,§#97194
¢#0,©#9,§#5812
¢#0,©#336,§#5835
¢#0,§#13862
¢#0,©#584160,§#62
¢#0,©#353,§#58652
¢#0,©#57978,§#19072,©#1023418,§#13829
¢#0,©#2104,ª#149174,§#110849
¢#0,©#234505,ª#632840,ª#1,©#1289960,§#12
¢#0,©#57839,§#91979
¢#0,©#2678435,§#101
¢#0,©#9450,§#180190
¢#0,©#12,§#9
¢#0,©#629138,§#2700,©#68415,ª#8,©#1646641,§#187417
¢#0,©#20,ª#4091,§#1632724
¢#0,©#7,§#1195
¢#0,©#1576,§#80
¢#0,©#20,§#82922
¢#0,©#11,ª#9700,§#75266
¢#0,©#27461,§#85
¢#0,©#10,§#1663
¢#0,§#38
¢#0,©#84717,ª#80918,©#423563,§#12
¢#0,©#9,§#62972
¢#0,©#780233,§#3940
¢#0,©#111790,§#2835043
¢#0,©#460144,§#6
¢#0,©#244,§#100
¢#0,©#35,§#419
¢#0,©#8,§#20477
¢#0,©#707104,§#988
¢#0,¢#599272,©#352328,§#164887
¢#0,©#581,§#37
¢#0,©#8696,§#5745,§#0
¢#0,¢#16,©#362678,§#74190
¢#0,©#172,©#106,§#3077
¢#0,©#338398,§#1121756
¢#0,©#1183393,§#19250,©#1199,ª#15,©#237748,§#10
¢#0,¢#97,©#59607,ª#2248,©#525455,§#21
¢#0,©#40,§#1892009
¢#0,©#921401,§#4073
¢#0,¢#586487,©#24,§#364881
¢#0,©#102369,§#511285
¢#0,©#172984,§#3233
¢#0,©#30,§#3225
¢#0,©#62904,©#432871,ª#7788,©#1832719,§#9,©#66280,ª#8,©#1379889,§#11
¢#0,©#11,ª#270679,§#233341
¢#0,¢#1025,©#172405,§#19894
¢#0,©#2127,§#1563258
¢#0,¢#34,©#1475612,§#25
¢#0,¢#230257,©#7,ª#25678,©#666673,§#16
¢#0,§#30,§#1
¢#0,©#9,§#578784
¢#0,©#10,§#191
¢#0,©#261893,§#258068
¢#0,©#266,©#1170,§#183
¢#0,©#67160,§#191878
¢#0,©#348205,§#93444
¢#0,©#492800,©#694245,§#289
©#0,ª#1999,§#1484715
¢#0,¢#68,©#3449,§#235452
¢#0,©#24,§#2605
¢#0,©#9,ª#595182,§#1538
¢#0,©#55993,§#1499
¢#0,©#9,§#80661
¢#0,©#546866,§#489229,©#8075,§#14390
¤#0,¢#12,©#25,§#791123
¢#0,©#12,§#266638
¢#0,©#9,§#2686,§#0
¢#0,©#39,§#1978
¢#0,©#105,§#109181
¢#0,©#25876,§#1157
¢#0,©#24,§#427724
¢#0,©#148666,§#2269953
¤#0,¢#60435,©#461357,§#581092
¢#0,©#54428,§#3988
¢#0,©#64587,§#1885
¢#0,©#7147,§#35
¢#0,©#86073,ª#94146,§#602441
¢#0,¢#1753365,©#8,§#5
¢#0,©#869450,§#1281504
¢#0,©#71798,§#1208316
¢#0,§#1196224
¢#0,©#94363,§#855732
¢#0,©#855,§#1114829
¢#0,©#8200,§#1024846
¢#0,¢#85557,¢#7,©#29,§#29
¢#0,©#960958,§#151067
¢#0,©#35,§#9309
¢#0,©#15,§#240033
¢#0,©#530307,§#162916
¢#0,§#63857
¢#0,©#17327,ª#686512,§#2338360
¢#0,©#340945,§#956
¢#0,©#29,§#83416
¢#0,©#1031,ª#1544277,§#262873
¢#0,©#9,§#83829,§#1
¢#0,§#24179
¢#0,©#101457,ª#8896,©#3110115,§#61
¢#0,©#31,§#1465035
¢#0,©#13,§#38,©#361980,ª#268692,©#336727,§#47
¢#0,©#1146883,§#54961,§#26
¢#0,©#1639505,§#4
¢#0,©#28,§#5
¢#0,©#88173,§#36
¢#0,©#736,§#28150
¢#0,©#68003,§#214,©#85771,ª#608,©#111167,ª#10,©#25,ª#1043,§#1292101
¢#0,¢#267,©#73587,§#33
¢#0,©#65,§#8924
¢#0,©#963279,ª#180006,§#769373
¢#0,©#25,§#2813
¢#0,©#52430,§#521
¢#0,©#21727,§#592428
¢#0,©#10,ª#7877,©#76130,§#14055
¢#0,©#12,ª#598,©#246534,§#6
¢#0,©#500453,§#6
¢#0,§#117,§#0
¢#0,©#1061931,ª#495029,§#273996
¢#0,©#651,§#361599,§#0
¢#0,©#1924,§#523321
¢#0,©#75164,ª#877544,§#681592
¢#0,©#14,§#17
¢#0,©#2584859,§#346270
¢#0,©#6430,§#75297
¢#0,©#602227,§#1300498
¢#0,©#163186,§#581418
¢#0,ª#80935,©#2094464,§#4
¢#0,©#19,§#174566
¢#0,©#157892,ª#1210457,§#974532
¢#0,©#192316,§#2497
¢#0,©#80756,§#1459554
¢#0,©#522751,ª#20133,§#501022
¢#0,©#111,ª#58,§#1396334
¢#0,©#2227,§#16
¢#0,©#18,§#265344
¢#0,§#9
¢#0,©#77724,§#616
¢#0,©#14,§#189811
¢#0,©#6211,§#123
¢#0,©#946669,ª#275809,©#1371628,§#12556
¢#0,§#16682
¢#0,ª#693,©#231635,ª#13,©#6605,§#27
¢#0,©#147754,§#3366
¤#0,¢#43,©#107229,ª#41,©#510235,ª#2002,©#1387556,§#268
¢#0,©#518170,§#363370,©#667500,§#9709
¤#0,¢#67179,©#1136154,§#31
¢#0,©#1099556,§#20
¢#0,©#2248400,§#20
¢#0,©#1828374,§#427
¢#0,©#61330,§#782
¢#0,©#10,§#89262
¢#0,©#432307,§#122
¢#0,©#87521,§#109104
¢#0,©#325339,§#600963
¢#0,§#526
¢#0,©#2649,ª#6211,©#2240629,§#26
¢#0,©#199,§#958429
¢#0,©#1110435,ª#130,§#1395671
¢#0,©#735,ª#784806,©#1354710,ª#23645,§#1714793
¤#0,¢#15,©#17,§#1137
¢#0,©#20111,ª#1181959,§#353473
¢#0,©#14321,§#338
¢#0,©#150391,§#70
¢#0,©#1102,§#2687
¢#0,©#17,§#117
¢#0,ª#8211,©#93123,§#414860
¢#0,ª#1148343,ª#1,§#402
¢#0,©#287045,©#593,§#3011925
¢#0,©#11,ª#530,©#60863,§#9,©#3248,ª#7,©#1641053,§#8
¢#0,©#19,§#1277
¢#0,©#16953,§#7383,§#1
¢#0,¢#337026,©#9,§#13
¢#0,©#1114475,ª#87154,©#7442,ª#773840,§#275774
¢#0,©#1423,£#7,§#3470825
¢#0,¢#92560,©#175755,§#1034034
©#0,ª#22531,§#2650374
¢#0,©#108079,ª#58887,§#2852887
¢#0,©#618,§#3485
¢#0,©#72948,§#307
¢#0,©#102548,§#761133
¢#0,©#105,§#1814167
¢#0,©#11,ª#513819,ª#153667,ª#1,ª#426024,§#1381939
¢#0,©#3643,§#66814
¢#0,©#56225,§#8312
¢#0,©#36,§#152080
¢#0,¢#67074,©#27131,ª#5018,©#330964,§#14
¤#0,¢#112,©#18,§#1052
¢#0,¢#1753,©#8,§#4801
¢#0,§#80063,§#1
¢#0,¢#11,©#2508,§#5784
¢#0,©#493678,©#21096,§#5025
¢#0,©#59318,§#10928,§#0
¢#0,©#888,£#39,§#3431989
¢#0,©#2860403,§#345158
¢#0,©#11,§#11729
¢#0,©#2264901,§#672222
¢#0,©#1563482,ª#1656,©#1310033,§#10
¢#0,©#438643,©#858591,§#3013
¢#0,©#55,§#1422
¢#0,§#112
¢#0,©#19465,§#506596
¢#0,©#9,§#247855,§#0
¢#0,©#83149,ª#17754,§#1985281
¢#0,©#55,§#2492
¢#0,©#972066,§#9
¢#0,©#12,ª#1826671,©#349944,§#85599
¢#0,©#3103,§#307
¢#0,©#161925,ª#1656866,§#452968
¢#0,¢#706137,©#14,§#17
¤#0,¢#797,©#15,§#5
¢#0,©#517875,§#4249
¢#0,©#98718,¥#537441,©#3083477,ª#14,§#91647
¢#0,©#19,§#256125
¢#0,©#451731,§#18
¢#0,©#23,ª#163948,©#608298,ª#516744,©#342614,§#59
¢#0,©#32,§#1222
¢#0,©#146409,ª#4403,©#601875,§#57
¢#0,©#22,§#345147,§#1
¢#0,©#107164,§#511077,©#5114,§#3548
¢#0,©#78098,§#607649
¢#0,©#382,§#287
¤#0,¢#562,©#8,§#1056071
¢#0,§#340422,§#0
¢#0,©#422172,§#339
¢#0,©#10,§#13834
¤#0,¢#296,¢#330,¢#18338,©#164519,§#12
¢#0,©#185397,§#12
¢#0,¢#24,©#494201,§#5003
¢#0,ª#27710,ª#1,©#149208,§#30
¢#0,©#2848,§#165386
¢#0,©#13,§#60763
¢#0,©#177532,§#679473
¢#0,©#18,§#2413088
¢#0,©#169374,§#3976
¢#0,©#600094,ª#193314,§#333245
¢#0,©#411802,§#14966
¢#0,©#420322,ª#10892,©#1906543,§#6262
¢#0,©#250365,§#354945
¢#0,©#2507598,§#9
¢#0,§#22
¢#0,©#865372,§#976245
¢#0,©#98337,§#77546
¢#0,©#116,§#332
¢#0,©#76427,§#3798
¢#0,©#686395,§#19077,©#254427,ª#3695,©#674187,§#358
¢#0,©#49,§#947
¢#0,©#205,§#11
¢#0,©#1109098,§#857
¢#0,©#15,§#87900
¢#0,©#24,§#9746
¢#0,©#25,§#10609
¢#0,©#868,§#18355
¢#0,©#102691,§#350391
¢#0,§#18834
¢#0,©#7358,§#1025969
¢#0,©#497758,§#1838
¢#0,©#177513,§#57059
¢#0,©#119,ª#14323,©#4692,§#11
¢#0,©#18,§#446502
¢#0,©#239615,§#666
¢#0,©#209,§#1675
¢#0,©#433998,§#118
¢#0,¢#706984,¢#428156,©#931580,§#4
¢#0,©#21,ª#517279,©#780126,§#7
¢#0,©#1544,§#2178045
¢#0,©#19,ª#594068,©#1204241,§#25
¢#0,§#53
¢#0,©#29,ª#251930,©#587726,§#27
¢#0,©#8720,§#244570
¢#0,©#494050,ª#703203,§#446187
¢#0,©#589462,ª#1350,§#15518
¢#0,©#180400,§#7
¢#0,©#18514,§#8459
¢#0,©#253034,§#23285,©#950671,§#1571634
¢#0,©#661964,§#2504
¢#0,©#849928,§#2224
¢#0,©#34,§#19829
¢#0,¢#13,©#1416,§#1201
¢#0,©#83738,§#74637
¢#0,§#942398,§#11985
¢#0,©#177381,§#1205564
¢#0,©#27,§#231108,©#4106,§#1611
¢#0,©#361558,§#261267
¢#0,©#258250,§#2868
¢#0,©#1238,§#269930
¢#0,§#54,§#1
¢#0,§#416062,§#0
¢#0,©#17,§#1643
¢#0,©#9,ª#175721,§#1042513
¢#0,©#1640,§#341665
¢#0,©#573610,§#610812
¢#0,©#2084177,ª#1934,§#1181231
¢#0,©#125,§#103438
¢#0,©#30,§#8243
¢#0,©#492474,§#87631,§#0
¤#0,¢#65725,©#2849,§#3457,©#6122,ª#12852,©#239414,§#11
¢#0,ª#1466642,§#1194858
¢#0,©#605975,§#861
¢#0,©#7857,§#1972
¢#0,©#1876,§#36
¢#0,©#56146,§#365772
¢#0,§#21
¢#0,©#234232,§#1845116
¢#0,©#56969,§#519259
¤#0,¢#27,©#7,§#1631
¢#0,©#9471,§#5364
¢#0,©#16,§#587
¢#0,©#15,§#670
¢#0,¢#204,©#8,§#20301
¢#0,©#168440,§#108
¢#0,¢#3892,¢#1,©#786238,§#847736
¢#0,©#15738,§#4
¢#0,©#139,ª#500062,©#2660,§#1122137
¢#0,§#1681
¢#0,©#20148,ª#1370,©#62690,§#7
¢#0,¢#3925,©#242919,§#4981
¢#0,©#59420,§#284800
¢#0,©#2939952,§#306
¢#0,©#33,§#1498
¢#0,§#71
¢#0,©#31,§#2301
¢#0,¢#94941,§#32
¢#0,©#996,§#13636
¢#0,¢#22,¢#344192,¢#111654,©#26,ª#581924,©#90041,§#54
¢#0,©#9,§#3190483
¢#0,©#65451,§#190
¢#0,¢#20,©#68769,§#276
¢#0,©#19440,§#6979
¢#0,©#17,ª#67462,©#95981,ª#93598,§#331165
¢#0,©#1210343,©#282214,§#6
¢#0,©#635117,§#2051178
¢#0,©#154312,§#16
¢#0,©#304,ª#548,©#3546276,§#9
¢#0,©#2535,§#1124,§#1
¢#0,©#441086,ª#845509,§#594736
¢#0,©#11,ª#1173,©#628708,ª#147403,©#695986,§#11
¢#0,©#7,§#1111
¤#0,¢#86,©#9,§#1148683
¢#0,©#370567,§#35
¢#0,©#2408713,§#17305
¢#0,©#74375,§#1375,©#447759,§#2404391
¢#0,©#614769,§#9597
¢#0,©#93123,ª#81630,©#677319,ª#595329,§#1468979
¢#0,©#11,§#5971
¢#0,©#81154,ª#416313,§#1666166
¢#0,©#628588,§#23
¢#0,¢#160742,©#362311,§#5539
¢#0,©#1621995,ª#257857,©#942238,§#16
¢#0,©#23,ª#441335,©#69273,§#1270
¢#0,©#283,§#494301
¢#0,©#168016,§#25
¢#0,©#67261,§#58
¢#0,¢#3144,©#89551,§#26
¢#0,©#107505,§#330647
¢#0,©#153181,ª#452726,ª#694697,ª#1,§#502
¢#0,©#22,ª#32,©#2244493,§#9
¢#0,©#12,§#1021
¢#0,©#4286,§#321376
¢#0,©#11,§#2469
¢#0,©#788062,§#776576
¢#0,©#544,§#13
¢#0,©#204,ª#501262,§#1371098
¢#0,©#12398,©#259129,§#405232
¢#0,©#1381285,§#142
¢#0,¢#6164,©#7,ª#4269,©#56829,§#13
¢#0,©#12,§#749803
¢#0,©#13,©#92440,©#186119,§#7
¢#0,©#1226567,§#846093
¢#0,©#687565,£#500134,§#770520
¢#0,¢#854353,©#5,ª#21221,©#681566,§#8
¢#0,©#776054,§#165,©#665270,ª#1140028,©#331111,§#9
¢#0,©#2841950,§#10601
¢#0,©#7705,§#14129
¢#0,©#31,ª#165541,ª#84877,ª#613888,©#1707371,§#36
¢#0,©#1220787,ª#72642,ª#0,§#1109885
¢#0,©#16,§#481
¢#0,©#12183,§#7298
¢#0,¢#1198651,¢#1,©#184208,ª#316505,§#176124
¢#0,§#1585
¢#0,©#2081986,§#14,©#93016,§#6486
¢#0,©#370647,§#405,©#60085,§#1045781
¢#0,§#6957
¢#0,©#344577,§#846866
¢#0,©#48,§#3688
¢#0,¢#1212928,©#5,§#511367
¢#0,©#420143,§#1821612
¢#0,§#2936
¢#0,©#1202514,§#10368
¢#0,©#116,§#14916
¢#0,¢#18,©#325947,§#1126472
¢#0,©#49,ª#2120,©#73570,§#85736
¢#0,©#987,§#910
¢#0,©#29,§#21097
¢#0,©#18,§#183248
¢#0,©#66914,ª#1214973,§#691263
¢#0,©#1967251,§#1463607
¢#0,©#87484,§#1189488
¢#0,©#2155827,§#31
¢#0,©#16,§#4767
¢#0,©#538,§#95254
¢#0,¢#162,©#187,ª#7872,©#96782,§#7
¢#0,©#5474,§#18
¢#0,©#972219,§#228823
¢#0,©#1807165,§#4
¢#0,©#539406,§#1107611
¢#0,©#25,ª#83040,©#16267,§#10
¢#0,©#67330,ª#1309678,©#416499,§#149
¢#0,©#19,£#415301,§#1809451
¢#0,©#1740721,§#67448
¢#0,©#1707,§#155864,©#90443,§#172,©#547,ª#87957,©#1817939,§#6
¢#0,©#161864,§#55
¢#0,©#155886,§#418945
©#0,§#391,§#266110,§#15
¢#0,©#689835,§#1148969
¤#0,¢#18770,©#87595,§#23
¢#0,©#1728231,§#420568
¢#0,©#1889823,§#15490
¢#0,©#3496,§#10
¢#0,©#2930,§#1901591
¢#0,©#268625,§#37
¢#0,©#27,§#185922
¢#0,©#8,§#8192
©#0,ª#74017,§#10165
¢#0,©#11,§#94020
¢#0,¢#18,©#194590,§#766
¢#0,©#1187373,§#354665
©#0,§#8056
¢#0,©#589885,§#2263857
¢#0,§#15711
¢#0,©#415854,ª#7550,§#953527,©#934320,ª#167827,§#714972
¢#0,©#80183,§#84488
¢#0,§#1978,§#1
¢#0,©#274595,§#678571
¢#0,©#786334,§#17,©#318276,§#19333
¢#0,©#8790,§#30
¢#0,©#290257,§#171955
¢#0,©#31,ª#25229,©#58382,§#8
¢#0,©#85152,§#686227
¢#0,©#14,§#157
¤#0,¢#42,©#12,ª#19,©#2585873,§#262108
¢#0,©#8,ª#169098,§#628012
¢#0,©#1038953,§#4276
¢#0,©#8,§#1018
¢#0,©#12,§#1323
¢#0,©#1196989,§#187
¢#0,©#67,¨#2240,§#850130
¢#0,©#26,§#1305931,©#2035067,§#25890
¢#0,©#92120,ª#926453,§#791197
¢#0,©#265391,§#586534
¢#0,©#8352,§#9
¢#0,©#15778,ª#244429,§#256517,§#8
¢#0,©#352750,§#1810752
¢#0,©#33,§#155218
¢#0,§#88
¢#0,©#558,§#694794
¢#0,©#1338,ª#27,©#758114,§#8
¢#0,©#443,§#11
¢#0,©#2112,§#589331
¢#0,©#184413,ª#681965,©#1063496,§#6
¢#0,©#76590,§#259376
¢#0,¢#1145266,©#6,§#5
¢#0,©#59,ª#692652,©#1119923,§#69
¢#0,©#3438240,ª#17508,©#420747,§#32
¢#0,©#88363,§#12
¤#0,¢#17,©#11,§#14
¢#0,©#114340,§#342378
¢#0,©#278514,§#4270
¢#0,©#3555,§#75500
¢#0,©#602475,§#158
¢#0,©#438266,ª#59241,§#863640
¢#0,©#34,ª#3358275,§#11870
¢#0,©#2712,§#69346
¢#0,©#3446196,§#148
¢#0,©#701877,§#430554
¢#0,©#10130,§#446
¢#0,©#61443,§#468
¢#0,©#8,§#158155,§#0
¢#0,©#1467,§#513698,ª#81680,§#1722265
¤#0,¢#65341,©#18,§#96
¢#0,©#84381,ª#459,©#436731,§#7
¢#0,©#21,ª#3654,©#1107620,§#16
¢#0,©#1134,§#269177
¢#0,©#163,ª#4962,©#172168,§#8
¢#0,©#27,ª#8871,©#425249,§#9
¢#0,©#4091,§#1933
¢#0,©#169911,§#88254
¢#0,©#323,£#25,§#3537308
¢#0,©#438312,§#165620
¢#0,©#19,§#4812
¢#0,§#1383
¢#0,©#160775,§#7
¢#0,©#10,§#72571
¢#0,©#247356,§#371371,©#354076,§#668332
¢#0,©#8,§#598701
¢#0,©#92722,§#1121043
¢#0,©#39,§#20,©#13978,ª#436992,©#7,§#8
¢#0,©#272193,§#614383
¢#0,©#73,©#941,§#514116
¢#0,©#254553,§#13446
¢#0,©#7,§#439940
¢#0,©#3225,§#539686
¢#0,©#8,§#1108
¢#0,©#56,§#449960
¢#0,©#88192,§#6344
¢#0,©#56105,§#1090
¢#0,©#2602,ª#98498,©#2488241,§#13
¢#0,¢#14508,©#70731,§#186143
¢#0,©#1827834,§#74741
¢#0,©#25257,§#106
¢#0,©#408057,ª#258560,§#2513959
¢#0,¢#16220,©#172018,ª#4031,©#60542,ª#353437,©#1458093,§#15
¢#0,¢#42,©#402486,ª#5497,§#2440882
¢#0,©#1280,§#97
¢#0,§#10393
¢#0,©#323452,§#96785
¢#0,©#332390,§#281327
¢#0,©#4854,§#958912
¢#0,©#59,§#15977
¢#0,©#19,§#749
¢#0,©#518807,§#600598,§#0
¢#0,©#938311,ª#273528,§#342927
¢#0,©#35,ª#10856,©#443641,§#53
¢#0,©#107,ª#1049759,©#531776,§#17
¢#0,©#414036,§#164215
¢#0,¢#369640,§#294
¢#0,¢#183855,©#19,§#2243478
¢#0,¢#18,¢#1,§#58080
¢#0,©#163917,ª#255306,ª#0,§#849457
¢#0,¢#656,©#1228149,§#39
¢#0,©#1169,§#9194
¢#0,©#238333,§#734
¢#0,©#10417,§#348
¢#0,©#14,§#1380725
¢#0,©#59120,§#3617
¢#0,©#5659,§#500521
¢#0,©#1120,§#250
¢#0,©#173698,§#465038
¢#0,©#47,§#353974
¢#0,©#607661,©#1482696,ª#57,§#496690
¢#0,©#3996,§#1475493
¢#0,©#15,§#2654
¢#0,©#26,§#192410
¢#0,©#1207765,§#943510
¤#0,¢#291,¢#1303579,©#11,§#12
¢#0,©#17,§#68771
¢#0,©#74129,§#14731
¢#0,©#132,§#11
¢#0,©#65605,§#25
¢#0,©#8265,§#391
¢#0,©#80298,§#173312
¢#0,©#316545,§#1858
¢#0,¢#19,©#50,ª#113,©#10300,§#11
¢#0,©#11,§#347089
¢#0,©#7,§#5093
¢#0,©#28,§#943
¢#0,¢#11,©#355971,§#5
¢#0,©#351497,ª#8,©#1998690,§#7,§#1
¢#0,©#88059,§#426
¤#0,¢#62560,¢#25352,©#16,§#324038
¢#0,©#92630,§#73
¢#0,©#658,§#103
¢#0,©#77443,§#75581
¢#0,©#16,§#76960
¢#0,©#25,ª#274451,©#1192285,§#12,©#449801,§#3730
¢#0,©#20,§#14
¢#0,©#9,§#81560
¢#0,©#118,£#3032,©#98569,ª#1471862,§#2056427
¢#0,©#22443,§#487
¢#0,¢#709,©#89004,§#277749
¢#0,©#354509,ª#624707,§#235095
¢#0,©#426,ª#895804,§#1614863
¢#0,¢#255689,©#688287,§#346401
¢#0,§#3293
¢#0,©#877,§#888
¢#0,©#43,§#77557
¢#0,¢#93386,©#228347,ª#781,©#2077480,§#14
¢#0,©#691704,ª#8060,©#143881,§#111992
¢#0,©#81738,§#369
¢#0,©#22,§#18
¢#0,©#176,§#23944
¢#0,©#1041337,ª#501545,©#7209,§#13
¤#0,¢#155,©#12291,§#26
¢#0,©#11,§#67833
¢#0,¢#15,©#70340,§#3349
¢#0,©#2037,§#86972
¢#0,ª#16,©#66678,§#10,§#19839
¢#0,©#8,§#190702
¢#0,©#1042,§#1417
¢#0,©#10,§#6963
¢#0,©#1032771,§#516384
¢#0,©#1534209,§#6995
¢#0,ª#278664,©#2646907,§#8
¢#0,©#416363,ª#175193,§#1285792
¢#0,©#620559,§#2572738
¢#0,©#13577,§#172576
¢#0,©#666869,ª#7232,§#954101
¢#0,©#78353,©#42,ª#1458,©#513319,§#9
¢#0,©#106224,ª#240824,§#706836
¢#0,©#61222,§#693535
¢#0,©#1833778,§#588910
¢#0,©#505,§#64
¢#0,©#8,ª#78546,©#445890,§#5
¢#0,©#62395,ª#540138,§#2919910
¢#0,©#12,ª#605132,©#688813,ª#289172,§#1535804
¢#0,¢#604668,©#59,§#1010084
¢#0,©#15835,§#70208
¢#0,©#63190,§#4057
¢#0,©#174767,ª#358607,§#588191
¢#0,©#43,§#16982
¢#0,©#42,§#91429
¢#0,©#59761,§#27818
¢#0,©#20,ª#591235,©#512327,§#39,§#1
¢#0,©#58741,§#23611
¢#0,©#13,§#8
¢#0,¢#2563860,©#261228,§#349270
¢#0,©#28,§#12313
¢#0,©#44,£#12710,§#775224
¢#0,©#2589329,§#16
¢#0,©#1037376,§#129
¢#0,©#54648,ª#1060661,§#2055919
¢#0,§#1763
©#0,§#4125
¢#0,¢#22,©#346987,§#9
¢#0,©#32,§#3900
¢#0,©#24,§#77
¢#0,©#5694,§#105271
¢#0,¢#39,¢#0,©#5129,§#2324
¤#0,¢#72,©#84,§#324199
¢#0,©#12,§#47
¢#0,©#157835,§#1609
¢#0,©#511937,§#1409255
¢#0,©#9,§#19502
¢#0,©#10414,ª#8485,©#1126316,§#10
¢#0,©#28,§#21
¢#0,©#609739,§#4884
¢#0,©#21608,§#67,©#150463,§#59
¢#0,©#1044816,§#7
¢#0,§#92734,§#9,§#1
¢#0,©#1006725,§#1755123
¢#0,©#12,§#1355
¢#0,©#1563009,§#7
¢#0,©#609134,§#21017,©#600462,§#573560,§#1
¢#0,©#11,§#17
¢#0,©#353161,§#27
¢#0,©#2237,§#72113
¢#0,©#19024,§#627
¢#0,©#24,§#795122
¢#0,§#16
¢#0,©#10,ª#23751,©#401028,§#98370
¢#0,©#1638437,§#9231
¢#0,©#440316,§#3097272
¢#0,©#12,§#170
¢#0,©#58166,§#8
¢#0,¢#18,¢#0,©#231366,§#191
¢#0,©#29,§#11704
¢#0,©#178,§#65675
¢#0,©#54899,ª#1060664,§#2056042
¢#0,©#15203,§#65697
¢#0,©#54008,§#1817177
¢#0,©#181711,ª#78720,§#260302
¢#0,©#24,§#3113
¢#0,©#89217,§#9
¢#0,©#30,§#7917
©#0,§#7309
¢#0,©#397,§#3080
¢#0,©#429599,§#63136
¢#0,©#33,§#99864
¢#0,©#75798,§#113802,§#1
¢#0,©#27,§#22789
¢#0,©#30,§#5
¢#0,©#1155867,§#260001
¢#0,©#606255,§#59
¢#0,©#23,§#21542
¢#0,©#1144,§#114
¢#0,¢#30,©#262608,§#20
¢#0,©#427809,§#10350
¢#0,©#76210,ª#8501,©#413828,§#56
¢#0,©#1125354,ª#78825,ª#88787,©#496969,§#7
¢#0,©#23146,§#584376
¢#0,©#3450746,§#57
¢#0,©#29,ª#854777,§#694997
¢#0,©#423407,§#1212993
¢#0,©#1236,§#3686
¢#0,©#14,§#12
¢#0,©#160290,§#51
¢#0,©#12,ª#397,§#930560
¢#0,©#177117,ª#1229,ª#517032,§#3010,§#4
¢#0,©#3776,§#74795,©#10066,§#90129
¢#0,©#415632,ª#97432,§#4044
¢#0,©#8863,ª#68140,©#83120,§#10
¢#0,©#87057,ª#99951,©#416278,§#209
¢#0,©#59802,ª#176962,©#2431141,§#8
¢#0,©#55,§#9910
¢#0,©#19,ª#2644,§#1030
¢#0,©#60013,§#13
¢#0,©#38,§#3565
¢#0,©#2422376,§#3792
¢#0,©#700,§#101837
¢#0,©#14,ª#166283,§#1230291
¢#0,©#22,ª#235733,©#114389,§#147
¢#0,©#62806,§#7313
¢#0,©#444636,§#692730,§#1
¢#0,©#56,ª#73833,§#1738324
¢#0,§#26
¢#0,©#9,©#2675072,§#7
¢#0,©#204,§#683957,©#972999,§#69516
¢#0,©#24044,ª#79635,©#1817823,§#7
¤#0,¢#88,©#1113,§#5,©#1657897,§#256534,§#1
¢#0,©#515219,§#28
¢#0,©#16051,ª#171594,§#670555
¢#0,©#507601,§#165
¢#0,©#1222754,ª#86878,§#57136
¢#0,©#674,§#3471
¢#0,©#26,ª#233803,©#954352,§#15
¢#0,§#74
©#0,ª#465,§#859741
¢#0,©#21,§#88971
¢#0,©#1063,§#646
¢#0,©#56404,§#23
¢#0,©#960756,§#151001
¢#0,©#328775,ª#1398208,§#433248
¢#0,©#1013569,§#8
¢#0,§#8016
¢#0,©#7,§#76636
¢#0,©#580624,§#454843
¢#0,§#85046,§#0
¢#0,©#4414,ª#153619,§#1744345,§#3
¢#0,©#238593,§#340
¢#0,¢#27,©#143544,§#606711
¢#0,©#23,§#84116
¢#0,©#8522,§#2373
¢#0,©#197923,§#256798
¢#0,©#496998,§#12727
¢#0,©#257040,§#333961
¢#0,¢#145357,§#25
¢#0,¢#21,©#8,§#413692
¢#0,©#11945,§#2235663
¢#0,§#1213
¢#0,©#30,§#87346
¢#0,©#867597,©#1788155,§#890523
¢#0,¢#663264,©#22902,§#8
¢#0,©#1042387,§#77497
¢#0,©#138,§#603519
¢#0,©#224,§#11,§#1229
¢#0,©#11,§#11292
¢#0,©#101755,§#18
¢#0,©#1280225,§#1717211
¢#0,©#1980973,§#530
¢#0,©#164187,§#11638,§#1
¢#0,©#871882,§#1626
¢#0,©#21,ª#6508,§#1661658
¢#0,©#94339,ª#324,§#1371206
¢#0,©#290,§#590401
¢#0,¢#313,©#8,§#2588622
¢#0,©#1204823,§#1291
¢#0,©#211,§#243907
¢#0,©#78666,ª#100886,©#523286,§#241985
¢#0,©#62,§#4144
¢#0,©#250261,§#106248
¢#0,©#4035254,§#6
¤#0,¢#1403,©#93572,¢#66672,¢#0,ª#11202,©#35,§#21
¤#0,¢#267,©#8,§#19
¢#0,©#3153,§#34
¢#0,©#20,ª#354525,ª#134,§#2081130
¢#0,©#108469,§#61606
¢#0,¢#14991,©#147617,§#11,§#28610
¢#0,©#395,§#659
¢#0,ª#4013,©#1816621,§#7
¢#0,©#252,§#545267
¢#0,©#9532,§#5
¢#0,©#82,£#7,§#343555
¢#0,©#457471,§#943142
¤#0,¢#49,©#73,§#857127
¤#0,¢#36,©#26977,ª#3361626,ª#1,©#429255,§#16
¢#0,©#364530,§#63346
¢#0,©#69182,§#608350
¢#0,©#10,§#3315
¢#0,©#375077,§#77647
¢#0,©#27,§#2347003
¢#0,¢#185,©#1299344,§#518364
¢#0,©#273079,§#2676958
¢#0,©#440384,ª#29,©#55589,©#2086,§#123
¢#0,©#20026,§#16
¢#0,©#1582,§#170731
¢#0,©#4367,§#234
¢#0,©#14,§#149825
¢#0,©#6184,ª#166314,§#780813
¢#0,©#6987,ª#161,©#601405,§#6
¢#0,©#8,§#672
¢#0,©#241690,§#936
¢#0,©#168517,ª#700160,ª#279522,©#577339,§#8
¢#0,©#4652,§#12352
¢#0,©#844162,§#280990,§#0
¢#0,©#9,§#1217849
¢#0,©#257923,§#83
¢#0,©#7,§#81707
¤#0,¢#15216,¢#523483,©#498742,ª#103069,©#79664,§#13
¢#0,©#4915,ª#14700,§#315272
¢#0,©#253,§#99006
¢#0,©#1596,§#72
¢#0,§#170057
¢#0,¢#19,¢#262215,©#3567,ª#931852,§#606219
¢#0,©#1932,§#4077
¢#0,©#12894,§#6
¢#0,©#20,§#90980
¢#0,©#12,§#1381459
¢#0,©#83174,ª#18,©#157975,§#11
¢#0,©#19975,§#240177
¢#0,©#405582,ª#447,©#543623,§#508597
¢#0,©#1607,§#11
¢#0,¢#92282,¢#140580,ª#17,©#79,§#3564627
¢#0,©#624227,§#589566
¢#0,©#760,§#6
¢#0,©#11,ª#683160,ª#183962,©#948969,§#592337
¢#0,§#6107
¢#0,©#1978289,ª#98476,©#258828,§#44
¢#0,©#82,§#598125
¢#0,©#1800441,§#118
¢#0,©#18,§#3528288
¢#0,©#946,§#6208
¢#0,©#498478,ª#195133,§#3099608
¢#0,©#11968,§#7339
¢#0,©#173661,ª#73157,©#1126711,§#5
¢#0,©#184381,§#660
¢#0,©#5835,§#18269
¢#0,©#10,§#348621
¢#0,©#263100,§#91585
¢#0,©#11,§#75884
¢#0,©#125,§#70891
¢#0,©#2509,§#693117
¢#0,©#19798,§#4285
¢#0,©#45,ª#2346925,ª#946510,§#243753
¢#0,©#1902471,§#4728
¢#0,©#437,§#14
¢#0,©#78,§#1217683
¢#0,©#3112166,§#25
¢#0,©#8,§#5188
¢#0,©#25,ª#522381,©#1124066,§#26
¢#0,©#140,§#9066
¢#0,©#677893,§#756
¢#0,©#110972,§#1356,©#319610,§#342032
¢#0,©#83528,§#276473
¢#0,©#28,§#70983
¢#0,©#144575,§#15
¢#0,©#951193,§#234263
¢#0,©#10,§#6162
¢#0,©#91,ª#367,§#1474367,§#4
¢#0,©#19,§#9498
¢#0,©#27,§#567311
¢#0,©#9,§#88192
¤#0,¢#3933,¢#10120,ª#4358,©#8130,§#56377,©#266082,§#753
¢#0,©#18356,§#765970
¢#0,§#146
¢#0,©#9,§#154935
¢#0,§#579
¢#0,¢#10,©#2186411,§#11
¢#0,©#173621,§#1900335
¢#0,©#14,§#173916,§#1
¢#0,§#28
¢#0,©#838,©#46,£#500028,§#4331204
¢#0,©#21844,ª#3909,©#600034,§#86501,§#2
¢#0,©#123,§#62
¢#0,©#17,§#85104
¢#0,¢#134,©#156,§#59368
¢#0,¢#507756,©#7,ª#536520,©#1471593,§#12
¢#0,©#20429,§#31
¢#0,©#61,§#202372,©#825,ª#339610,©#246280,§#20
¤#0,¢#72562,©#3770,§#397
¢#0,©#188197,§#415690
¢#0,©#98770,§#83510
¢#0,©#250245,§#10
¢#0,©#27,§#429
¢#0,©#14924,ª#524,©#1189293,§#10,©#184,§#7
¢#0,©#3723,£#27,£#3904,§#1808548
¢#0,©#512163,§#1444
¢#0,©#19,§#39
¢#0,©#2352406,§#70333
¢#0,©#62207,§#517268
¢#0,©#30,§#27035
¢#0,¢#603489,©#6,§#778812
¢#0,©#46,ª#80881,©#2148098,§#11
¢#0,ª#2771,§#357
¢#0,©#22790,ª#417795,§#197440
¢#0,§#3260,§#712
¢#0,©#97763,§#585758
¢#0,©#171,§#4580
¢#0,©#118,ª#5227,©#92611,§#35
¢#0,©#501341,ª#15353,§#150194
¢#0,©#98,§#172274
¢#0,©#90,§#74459
¤#0,¢#88,©#13,§#237580
¢#0,©#3856,§#577
¢#0,©#10455,§#432954
¢#0,©#2827484,§#10
¢#0,©#9,§#81071
¢#0,©#67310,§#1847427
¢#0,©#24,§#102859
¢#0,©#80476,§#8,§#1617814
¢#0,©#299,ª#1008,§#57572
¢#0,©#386,§#96243
¢#0,¢#147,©#1091,§#5753
¢#0,©#17,§#63524
¢#0,©#7,§#78264
¢#0,©#16,§#2778443
¢#0,©#9,§#2386
¢#0,©#11653,ª#414147,§#19841
¢#0,©#514831,§#5
¢#0,©#1813,§#1754
¢#0,§#457181,§#0
¢#0,©#6779,§#161
¢#0,©#3740,©#1541018,¥#5631,§#777423
¢#0,©#8,§#2207
¢#0,©#10,§#228683
¢#0,©#13333,§#427
¢#0,©#265049,§#500900
¢#0,©#26,§#8650
¢#0,©#2687,ª#28296,©#260794,§#17
¢#0,§#20226
¢#0,©#79598,§#6315
¢#0,©#177329,§#92832
¢#0,©#83266,§#24671
¢#0,©#106695,§#1895847
¢#0,©#159,§#9
¢#0,©#11,§#6065
¢#0,¢#3515943,©#22,§#27
¢#0,©#663,§#2613
¢#0,©#115,§#38
¢#0,¢#3300901,©#4,§#12,§#0
¢#0,©#101903,§#1460187
¢#0,©#1628280,§#6
¢#0,§#925,§#0
©#0,ª#22053,ª#0,§#1704520
¢#0,©#6249,ª#62770,©#874310,§#26
¢#0,§#1652,§#1
¢#0,©#1596,§#16760
¢#0,©#269331,ª#1028524,§#726
¢#0,©#531,§#209
¢#0,©#15,§#2378
©#0,ª#514879,§#780301
¢#0,©#845066,§#1602
¢#0,§#100
¢#0,©#168037,§#617493
¢#0,§#526345
¢#0,©#75829,§#3056607
¢#0,©#6463,©#1239,ª#932287,©#349646,§#19
¢#0,©#89411,§#2558
¢#0,©#621872,ª#28,©#2864,§#33
¤#0,¢#23,¢#433360,¢#10,©#22,§#519592
¢#0,©#16049,§#1272
¢#0,¢#17,©#1379592,§#123
¢#0,©#67406,§#5934,©#278873,§#1379111
¢#0,©#173801,§#515266
¢#0,©#607346,§#258567,§#0
¢#0,©#1878656,§#10
¢#0,©#249379,§#286907
¢#0,©#22877,§#69638
¢#0,©#53,§#22457
¢#0,©#265748,§#2287,§#12
¢#0,©#17,ª#154,©#5409,§#10,©#1285413,§#524533
¢#0,¢#244155,©#360452,ª#69420,©#997,§#583
¢#0,©#31,ª#164965,©#430403,§#9
¢#0,©#249837,§#1918200
¢#0,§#327915,©#23365,§#1461783
¢#0,©#37,©#71430,©#98324,§#1493
¢#0,©#29,ª#67753,©#613078,§#46
¢#0,©#79482,§#612692
¢#0,©#16486,§#326918
¢#0,©#163,§#3194,§#1
¢#0,©#85765,§#5172
¢#0,©#17763,§#258449
¢#0,©#25,§#100688
¢#0,©#1184513,§#287381
¢#0,©#27551,ª#517121,§#253536
¢#0,©#269424,§#6
¢#0,©#4427,§#17867
¢#0,©#544472,§#1189361
¢#0,©#21,£#222,¥#2758015,§#542400
¢#0,©#62599,§#22159
¢#0,©#82932,§#627175
¢#0,©#189293,§#12
¢#0,¢#414316,©#174965,£#9,¦#13,§#1206657
¤#0,¢#1027,¢#0,¢#321259,¢#14,©#766,§#16
¢#0,©#61,§#14
§#0,©#26673,§#77797
¢#0,©#188575,ª#688602,§#953415
¢#0,¢#19,©#29,§#181
¢#0,©#239470,§#107
¢#0,©#15,§#87
